OBJECTID,ACCIDENTNUM,ACCIDENTDATE,ACCIDENT_YEAR,ACCIDENT_MONTH,ACCIDENT_DAY,ACCIDENT_HOUR,ACCIDENT_MINUTE,ACCIDENT_SECOND,ACCIDENT_WEEKDAY,XCOORD,YCOORD,LONGITUDE,LATITUDE,ACCIDENTLOCATION,COLLISIONTYPE,CLASSIFICATIONOFACCIDENT,IMPACTLOCATION,INITIALDIRECTIONOFTRAVELONE,INITIALDIRECTIONOFTRAVELTWO,INITIALIMPACTTYPE,INTTRAFFICCONTROL,LIGHT,LIGHTFORREPORT,ROADJURISDICTION,TRAFFICCONTROL,TRAFFICCONTROLCONDITION,THRULANENO,NORTHBOUNDDISOBEYCOUNT,SOUTHBOUNDDISOBEYCOUNT,PEDESTRIANINVOLVED,CYCLISTINVOLVED,MOTORCYCLISTINVOLVED,ENVIRONMENTCONDITION1,ENVIRONMENTCONDITION2,SELFREPORTED,XMLIMPORTNOTES,LASTEDITEDDATE,CREATE_BY,CREATE_DATE
46179,17-023972,1486041420000,2017,2,2,13,17,0,Thursday,543188.51964,4808924.60788,-80.466385,43.431979999999996,Non intersection,2,P.D. only,Thru lane,unknown,unknown,Approaching,Unknown,Daylight,01 - Daylight,Municipal (excl. Twp. Rd.),No control,unknown,0,0,0,False,False,False,Clear,,False,DIXON ST; CARWOOD AVE; 25 M,3/7/2019 1:15:43 PM,,
46180,17-024110,1486022100000,2017,2,2,7,55,0,Thursday,544702.30889,4809252.87837,-80.447655,43.434847,At/near private drive,2,P.D. only,Thru lane,unknown,unknown,Other,Unknown,Daylight,01 - Daylight,Municipal (excl. Twp. Rd.),No control,unknown,0,0,0,False,False,False,Clear,,False,FRANKLIN ST N; FRANKLIN ST N; Near,3/7/2019 1:15:42 PM,,
46181,17-024544,1486061100000,2017,2,2,18,45,0,Thursday,538381.11366,4809968.99084,-80.525707,43.441646,At/near private drive,2,P.D. only,Thru lane,unknown,unknown,SMV unattended vehicle,Unknown,"Dark, artificial","08 - Dark, artificial",Municipal (excl. Twp. Rd.),No control,unknown,0,0,0,False,False,False,Snow,,False,CHOPIN DR; CHOPIN DR; Near,3/7/2019 1:15:41 PM,,
46182,17-024754,1486127820000,2017,2,3,13,17,0,Friday,541500.84918,4811992.11919,-80.487003,43.459696,At intersection,2,P.D. only,Within intersection,unknown,unknown,Angle,Unknown,Daylight,01 - Daylight,Municipal (excl. Twp. Rd.),Stop sign,Functioning,0,1,0,False,False,False,Clear,,False,WELLINGTON ST N; ST LEGER ST,3/7/2019 1:15:38 PM,,
46183,17-025404,1486039380000,2017,2,2,12,43,0,Thursday,544186.31426,4809878.87044,-80.45398,43.440514,At/near private drive,2,P.D. only,Thru lane,unknown,unknown,Other,Unknown,Daylight,01 - Daylight,Municipal (excl. Twp. Rd.),No control,unknown,0,0,0,False,False,False,Clear,,False,ROSS AVE; ROSS AVE ; At,3/7/2019 1:15:37 PM,,
46184,17-025480,1486137600000,2017,2,3,16,0,0,Friday,541433.16813,4809518.83548,-80.488027,43.43743,At/near private drive,2,P.D. only,Thru lane,unknown,unknown,Other,Unknown,Daylight,01 - Daylight,Municipal (excl. Twp. Rd.),No control,unknown,0,0,0,False,False,False,Clear,,False,STIRLING AVE S; STIRLING AVE S; At,3/7/2019 1:15:36 PM,,
46185,17-026111,1486287420000,2017,2,5,9,37,0,Sunday,540382.41976,4809536.85037,-80.501009,43.437649,At/near private drive,2,P.D. only,Thru lane,unknown,unknown,Turning movement,Unknown,Daylight,01 - Daylight,Municipal (excl. Twp. Rd.),No control,unknown,0,0,0,False,False,False,Snow,,False,QUEENS BLVD; QUEENS BLVD ; Near; 1 M,3/7/2019 1:15:34 PM,,
46186,17-026238,1486295100000,2017,2,5,11,45,0,Sunday,544510.11603,4811759.15088,-80.44982499999999,43.457425,Non intersection,2,P.D. only,Left turn lane,unknown,unknown,Sideswipe,Unknown,Daylight,01 - Daylight,Regional municipality,Traffic signal,Functioning,0,0,0,False,False,False,Clear,,False,RIVER RD E; LORRAINE AVE; Near; 50 M,3/7/2019 1:15:33 PM,,
46187,17-026787,1486161000000,2017,2,3,22,30,0,Friday,541962.27445,4815628.55166,-80.481019,43.492411999999995,At/near private drive,2,P.D. only,Thru lane,unknown,unknown,SMV other,Unknown,"Dark, artificial","08 - Dark, artificial",Private property,No control,unknown,0,0,0,False,False,False,Clear,,False,WOOLWICH ST; WOOLWICH ST,3/7/2019 1:15:32 PM,,
46188,17-026981,1486386000000,2017,2,6,13,0,0,Monday,540891.55302,4812353.21613,-80.494507,43.462979999999995,At/near private drive,2,P.D. only,Thru lane,unknown,unknown,SMV unattended vehicle,Unknown,Daylight,01 - Daylight,Municipal (excl. Twp. Rd.),No control,unknown,0,0,0,False,False,False,Clear,,False,GUELPH ST; At,3/7/2019 1:15:31 PM,,
46189,17-027203,1486408800000,2017,2,6,19,20,0,Monday,545284.09217,4811130.60226,-80.440311,43.451719,At/near private drive,1,Non-fatal injury,Thru lane,unknown,unknown,SMV unattended vehicle,Unknown,Dark,07 - Dark,Municipal (excl. Twp. Rd.),No control,unknown,0,0,0,False,False,False,Clear,,False,HOLBORN DR; 25 OLD CHICOPEE DR ; Near; 25 M,3/7/2019 1:15:29 PM,,
46190,17-027730,1486467000000,2017,2,7,11,30,0,Tuesday,541466.49803,4810887.01576,-80.487511,43.449746999999995,Non intersection,2,P.D. only,Thru lane,unknown,unknown,SMV unattended vehicle,Unknown,Daylight,01 - Daylight,Municipal (excl. Twp. Rd.),No control,unknown,0,0,0,False,False,False,Rain,,False,GOUDIES LANE; GOUDIES LANE,3/7/2019 1:15:28 PM,,
46191,17-027932,1486489020000,2017,2,7,17,37,0,Tuesday,541135.10587,4811121.2312,-80.49158899999999,43.451874,At/near private drive,1,Non-fatal injury,Thru lane,unknown,unknown,Angle,Unknown,Dark,07 - Dark,Municipal (excl. Twp. Rd.),No control,unknown,0,0,0,False,True,False,Rain,,False,YOUNG ST ; DUKE ST W; Near; 50 M,3/7/2019 1:15:26 PM,,
46192,17-028391,1486539000000,2017,2,8,7,30,0,Wednesday,547269.13998,4803091.85977,-80.416473,43.379216,Non intersection,2,P.D. only,Right shoulder,unknown,unknown,SMV unattended vehicle,Unknown,Daylight,01 - Daylight,Municipal (excl. Twp. Rd.),No control,unknown,0,0,0,False,False,False,Clear,,False,SADDLEWOOD DR; SADDLEWOOD DR; Near,3/7/2019 1:15:25 PM,,
46193,17-028583,1486553400000,2017,2,8,11,30,0,Wednesday,545087.00863,4807807.24362,-80.443021,43.421808,At/near private drive,2,Non-reportable,Thru lane,unknown,unknown,Other,Unknown,Daylight,01 - Daylight,Municipal (excl. Twp. Rd.),Traffic controller,unknown,0,0,0,False,False,False,Clear,,False,WILSON AVE; WILSON AVE,3/7/2019 1:15:24 PM,,
46194,17-028605,1486563900000,2017,2,8,14,25,0,Wednesday,541082.08002,4810772.49086,-80.492271,43.448737,Non intersection,2,P.D. only,Not on roadway - right side,unknown,unknown,Rear end,Unknown,Daylight,01 - Daylight,Municipal (excl. Twp. Rd.),No control,unknown,0,0,0,False,False,False,Clear,,False,JOSEPH ST; DAVID ST; Near,3/7/2019 1:15:23 PM,,
46195,17-028610,1485595800000,2017,1,28,9,30,0,Saturday,544297.15538,4804832.80059,-80.453019,43.395073,Other,2,P.D. only,Off highway,unknown,unknown,SMV other,Unknown,Daylight,01 - Daylight,Private property,No control,unknown,0,0,0,False,False,False,Clear,,False,PRIVATE DRIVEWAY; CARLYLE DR ; At,3/7/2019 1:15:22 PM,,
46196,17-028716,1486315800000,2017,2,5,17,30,0,Sunday,540138.92573,4805889.77034,-80.504286,43.404824,At/near private drive,2,P.D. only,Right shoulder,unknown,unknown,SMV unattended vehicle,Unknown,"Dark, artificial","08 - Dark, artificial",Municipal (excl. Twp. Rd.),No control,unknown,0,0,0,False,False,False,Snow,,False,DUBRICK CRES; DUBRICK CRES,3/7/2019 1:15:20 PM,,
46197,17-029249,1486642800000,2017,2,9,12,20,0,Thursday,542140.74589,4810181.59402,-80.479233,43.443357999999996,At/near private drive,2,P.D. only,Thru lane,unknown,unknown,Rear end,Unknown,Daylight,01 - Daylight,Regional municipality,No control,unknown,0,0,0,False,False,False,Clear,,False,STIRLING AVE S; STIRLING AVE S; 7 M,3/7/2019 1:15:19 PM,,
46198,17-029509,1486655100000,2017,2,9,15,45,0,Thursday,544716.88896,4810080.6756,-80.447407,43.4423,At/near private drive,2,P.D. only,Thru lane,unknown,unknown,Angle,Unknown,Daylight,01 - Daylight,Municipal (excl. Twp. Rd.),No control,unknown,0,0,0,False,False,False,Clear,,False,FRANKLIN ST N; FRANKLIN ST N; Near,3/7/2019 1:15:18 PM,,
46199,17-030011,1486724400000,2017,2,10,11,0,0,Friday,538253.86767,4808375.25973,-80.527391,43.427302,Non intersection,2,P.D. only,Thru lane,unknown,unknown,Sideswipe,Unknown,Daylight,01 - Daylight,Municipal (excl. Twp. Rd.),No control,unknown,0,0,0,False,False,False,Clear,,False,QUEENS BLVD; WESTHEIGHTS DR; Near; 200 M,3/7/2019 1:15:17 PM,,
46200,17-030126,1486737180000,2017,2,10,14,33,0,Friday,541798.0077,4812134.7846,-80.483319,43.460964,Non intersection,2,P.D. only,Thru lane,unknown,unknown,SMV unattended vehicle,Unknown,Daylight,01 - Daylight,Municipal (excl. Twp. Rd.),Traffic signal,Functioning,0,0,0,False,False,False,Snow,,False,WELLINGTON ST N; LANCASTER ST W; 5 M,3/7/2019 1:15:16 PM,,
46201,17-030169,1486740540000,2017,2,10,15,29,0,Friday,540051.88779,4805780.46035,-80.505369,43.403844,Non intersection,1,Non-fatal injury,Thru lane,unknown,unknown,SMV other,Unknown,Daylight,01 - Daylight,Municipal (excl. Twp. Rd.),No control,unknown,0,0,0,True,False,False,Snow,,False,MAX BECKER DR; ISABELLA ST ; 29 M,3/7/2019 1:15:15 PM,,
46202,17-030461,1486769820000,2017,2,10,23,37,0,Friday,544057.82036,4811655.5401,-80.455424,43.456519,Non intersection,2,P.D. only,Thru lane,unknown,unknown,SMV unattended vehicle,Unknown,Dark,07 - Dark,Municipal (excl. Twp. Rd.),No control,unknown,0,0,0,False,False,False,Clear,,False,MANCHESTER RD; RIVER RD E; Near; 250 M,3/7/2019 1:15:14 PM,,
46203,17-031351,1486861320000,2017,2,12,1,2,0,Sunday,545706.64186,4808714.36476,-80.43529099999999,43.429938,At/near private drive,2,P.D. only,Thru lane,unknown,unknown,Sideswipe,Unknown,Dark,07 - Dark,Municipal (excl. Twp. Rd.),No control,unknown,0,0,0,False,False,False,Clear,,False,CENTREVILLE ST; 28 CENTREVILLE ST; 1 M,3/7/2019 1:15:12 PM,,
46204,17-031352,1486861620000,2017,2,12,1,7,0,Sunday,543792.95721,4809205.71711,-80.458894,43.434476,Non intersection,2,P.D. only,Not on roadway - right side,unknown,unknown,Sideswipe,Unknown,"Dark, artificial","08 - Dark, artificial",Municipal (excl. Twp. Rd.),Stop sign,Functioning,0,0,0,False,False,False,Snow,,False,ECKERT ST; DIXON ST ; 40 M,3/7/2019 1:15:11 PM,,
46205,17-031457,1486890480000,2017,2,12,9,8,0,Sunday,542965.32518,4806592.16899,-80.469326,43.410992,Non intersection,2,P.D. only,Right shoulder,unknown,unknown,SMV unattended vehicle,Unknown,Daylight,01 - Daylight,Regional municipality,No control,unknown,0,0,0,False,False,False,Snow,,False,CENTURY HILL DR; CENTURY HILL DR ; At; 14 M,3/7/2019 1:15:10 PM,,
46206,17-031526,1486899660000,2017,2,12,11,41,0,Sunday,543568.18257,4804978.5339,-80.462008,43.396428,At intersection,2,P.D. only,Within intersection,unknown,unknown,Angle,Unknown,Daylight,01 - Daylight,Municipal (excl. Twp. Rd.),Traffic signal,Functioning,0,0,1,False,False,False,Snow,,False,BATTLER RD; HURON RD,3/7/2019 1:15:09 PM,,
46207,17-031527,1486899780000,2017,2,12,11,43,0,Sunday,540917.4278,4812366.78487,-80.494186,43.463100999999995,At intersection,2,P.D. only,Within intersection,unknown,unknown,Angle,Unknown,Daylight,01 - Daylight,Municipal (excl. Twp. Rd.),Traffic signal,Functioning,0,0,0,False,False,False,Snow,,False,MARGARET AVE; GUELPH ST,3/7/2019 1:15:07 PM,,
46208,17-031551,1486787400000,2017,2,11,4,30,0,Saturday,540746.41734,4808830.25087,-80.49656399999999,43.431267,Intersection related,2,P.D. only,Not on roadway - left side,unknown,unknown,SMV other,Unknown,Dark,07 - Dark,Regional municipality,Traffic signal,Functioning,0,0,0,False,False,False,Snow,,False,HOMER WATSON BLVD ; STIRLING AVE S,3/7/2019 1:15:06 PM,,
46209,17-031558,1486903200000,2017,2,12,12,40,0,Sunday,546062.99053,4809492.01348,-80.43082299999999,43.436918,Intersection related,1,Non-fatal injury,Thru lane,unknown,unknown,Rear end,Unknown,Daylight,01 - Daylight,Regional municipality,Traffic signal,Functioning,0,0,0,False,False,False,Snow,,False,KINZIE AVE; RIVER RD E,3/7/2019 1:15:04 PM,,
46210,17-031568,1486904160000,2017,2,12,12,56,0,Sunday,538376.13291,4807993.02833,-80.525908,43.423854,Non intersection,2,P.D. only,Thru lane,unknown,unknown,Other,Unknown,Daylight,01 - Daylight,Municipal (excl. Twp. Rd.),No control,unknown,0,0,0,False,False,False,Clear,,False,SILVER ASPEN CRES; ELM RIDGE DR ; Near; 100 M,3/7/2019 1:15:02 PM,,
46211,17-031706,1486917360000,2017,2,12,16,36,0,Sunday,542918.87551,4803828.3822,-80.47011599999999,43.386109,Non intersection,2,P.D. only,Right shoulder,unknown,unknown,SMV unattended vehicle,Unknown,Daylight,01 - Daylight,Township,No control,unknown,0,0,0,False,False,False,Snow,,False,150  NEWCASTLE DR; ROCKCLIFFE DR ; Near; 5 M,3/7/2019 1:15:01 PM,,
46212,17-031880,1486934700000,2017,2,12,21,25,0,Sunday,544611.37157,4809091.26041,-80.448792,43.433397,Non intersection,2,P.D. only,Thru lane,unknown,unknown,Sideswipe,Unknown,Dark,07 - Dark,Municipal (excl. Twp. Rd.),Traffic signal,Functioning,0,0,0,False,False,False,Snow,,False,KINGSWAY DR; FRANKLIN ST S; Near; 75 M,3/7/2019 1:15:00 PM,,
46213,17-031906,1486936920000,2017,2,12,22,2,0,Sunday,543230.86349,4804483.21446,-80.466213,43.391987,At intersection,2,P.D. only,Within intersection,unknown,unknown,SMV other,Unknown,Dark,07 - Dark,Regional municipality,Yield sign,Functioning,0,0,0,False,False,False,Freezing Rain,,False,HURON RD; STRASBURG RD; 1 M,3/7/2019 1:14:59 PM,,
46214,17-031950,1486943160000,2017,2,12,23,46,0,Sunday,542045.42805,4807994.26348,-80.48057899999999,43.423668,Non intersection,2,P.D. only,Thru lane,unknown,unknown,Approaching,Unknown,Dark,07 - Dark,Municipal (excl. Twp. Rd.),No control,unknown,0,0,0,False,False,False,Strong wind,,False,ALPINE RD; KINGSWOOD DR; Near; 253 M,3/7/2019 1:14:57 PM,,
46215,17-032073,1486936800000,2017,2,12,22,0,0,Sunday,541496.77729,4808743.72088,-80.4873,43.430447,Intersection related,2,P.D. only,Thru lane,unknown,unknown,Rear end,Unknown,"Dark, artificial","08 - Dark, artificial",Municipal (excl. Twp. Rd.),Stop sign,Functioning,0,0,0,False,False,False,Freezing Rain,,False,HIGHLAND RD E; HOFFMAN ST,3/7/2019 1:14:54 PM,,
46216,17-032175,1486972200000,2017,2,13,7,50,0,Monday,541853.75416,4803513.46554,-80.48329,43.383334,Intersection related,2,P.D. only,Thru lane,unknown,unknown,SMV other,Unknown,Daylight,01 - Daylight,Regional municipality,Yield sign,Functioning,0,0,0,False,False,False,Clear,,False,HURON RD; WOODBINE AVE,3/7/2019 1:14:52 PM,,
46217,17-032242,1486825200000,2017,2,11,15,0,0,Saturday,542040.44799,4807810.52147,-80.480655,43.422014,At/near private drive,2,P.D. only,Thru lane,unknown,unknown,Sideswipe,Unknown,Daylight,01 - Daylight,Municipal (excl. Twp. Rd.),No control,unknown,0,0,0,False,False,False,Clear,,False,APPALACHIAN CRES; APPALACHIAN CRES; Near,3/7/2019 1:14:51 PM,,
46218,17-032403,1486998060000,2017,2,13,15,1,0,Monday,545348.74355,4812157.43824,-80.439426,43.460961,Intersection related,2,P.D. only,Thru lane,unknown,unknown,Rear end,Unknown,Daylight,01 - Daylight,Municipal (excl. Twp. Rd.),Stop sign,Functioning,0,0,0,False,False,False,Clear,,False,LORRAINE AVE; HERITAGE DR,3/7/2019 1:14:50 PM,,
46219,17-032429,1486999800000,2017,2,13,15,30,0,Monday,541068.0,4811108.0,0.0,0.0,Non intersection,2,P.D. only,Thru lane,unknown,unknown,SMV unattended vehicle,Unknown,Daylight,01 - Daylight,Municipal (excl. Twp. Rd.),No control,unknown,0,0,0,False,False,False,Clear,,False,WILLOWRUN DR; GRAND FLATS TRAIL ; 50 M,3/7/2019 1:14:47 PM,,
46220,17-032448,1486971900000,2017,2,13,7,45,0,Monday,544090.17093,4804624.83583,-80.455592,43.393212,Intersection related,2,P.D. only,Thru lane,unknown,unknown,Rear end,Unknown,Dawn,03 - Dawn,Municipal (excl. Twp. Rd.),Stop sign,Functioning,0,0,0,False,False,False,Clear,,False,BLACK WALNUT DR; BIEHN DR,3/7/2019 1:14:46 PM,,
46221,17-032883,1487058600000,2017,2,14,7,50,0,Tuesday,539187.33304,4810387.63966,-80.515715,43.445373,Non intersection,2,P.D. only,Off highway,unknown,unknown,SMV other,Unknown,Daylight,01 - Daylight,Municipal (excl. Twp. Rd.),No control,unknown,0,0,0,False,False,False,Clear,,False,BRYBECK CRES; BRYBECK CRES ; At; 3 M,3/7/2019 1:14:45 PM,,
46222,17-032901,1487008200000,2017,2,13,17,50,0,Monday,537150.13179,4806819.24594,-80.541133,43.413346999999995,At/near private drive,2,P.D. only,Thru lane,unknown,unknown,Other,Unknown,"Dusk, artificial","06 - Dusk, artificial",Municipal (excl. Twp. Rd.),No control,unknown,0,0,0,False,False,False,Clear,,False,CEDAR CREST ST; CEDAR CREST ST,3/7/2019 1:14:42 PM,,
46223,17-033090,1487070000000,2017,2,14,11,0,0,Tuesday,539204.6942,4810850.41832,-80.515467,43.449539,At/near private drive,2,P.D. only,Thru lane,unknown,unknown,Approaching,Unknown,Daylight,01 - Daylight,Municipal (excl. Twp. Rd.),No control,unknown,0,0,0,False,False,False,Clear,,False,BELMONT AVE W; BELMONT AVE W,3/7/2019 1:14:41 PM,,
46224,17-033104,1487077620000,2017,2,14,13,7,0,Tuesday,548328.10049,4804578.37014,-80.40326999999999,43.392533,At/near private drive,1,Non-fatal injury,Thru lane,unknown,unknown,Turning movement,Unknown,Daylight,01 - Daylight,Regional municipality,No control,unknown,0,0,0,False,False,False,Clear,,False,CONESTOGA COLLEGE BLVD; DOON VALLEY DR; Near; 5 M,3/7/2019 1:14:40 PM,,
46225,17-033443,1487112300000,2017,2,14,22,45,0,Tuesday,539250.78325,4810390.88354,-80.51492999999999,43.445398999999995,Non intersection,2,P.D. only,Thru lane,unknown,unknown,Turning movement,Unknown,Dark,07 - Dark,Municipal (excl. Twp. Rd.),No control,unknown,0,0,0,False,False,False,Clear,,False,BRYBECK CRES; KARN ST ; Near; 75 M,3/7/2019 1:14:39 PM,,
46226,17-033458,1487114340000,2017,2,14,23,19,0,Tuesday,541874.17946,4813339.05156,-80.48228399999999,43.471803,Intersection related,2,P.D. only,Not on roadway - right side,unknown,unknown,SMV other,Unknown,"Daylight, artificial","02 - Daylight, artificial",Municipal (excl. Twp. Rd.),Stop sign,Functioning,0,0,0,False,False,False,Snow,,False,UNION ST; MAPLE AVE ; 5 M,3/7/2019 1:14:38 PM,,
46227,17-033656,1487147340000,2017,2,15,8,29,0,Wednesday,538165.39279,4807507.34301,-80.528545,43.419492,Non intersection,2,P.D. only,Thru lane,unknown,unknown,SMV other,Unknown,Daylight,01 - Daylight,Municipal (excl. Twp. Rd.),No control,unknown,0,0,0,False,False,False,Clear,,False,MCGARRY DR; MCGARRY DR; At; 5 M,3/7/2019 1:14:37 PM,,
46228,17-033854,1486904400000,2017,2,12,13,0,0,Sunday,542449.9087,4815826.71583,-80.47497299999999,43.494169,Intersection related,2,P.D. only,Thru lane,unknown,unknown,SMV other,Unknown,Daylight,01 - Daylight,Municipal (excl. Twp. Rd.),Stop sign,Functioning,0,0,0,False,False,False,Clear,,False,KESTREL ST; FALCONRIDGE DR; Near; 10 M,3/7/2019 1:14:36 PM,,
46229,17-034041,1487087100000,2017,2,14,15,45,0,Tuesday,539655.81762,4810324.17909,-80.50993,43.444776999999995,Non intersection,2,P.D. only,Thru lane,unknown,unknown,SMV unattended vehicle,Unknown,Daylight,01 - Daylight,Municipal (excl. Twp. Rd.),No control,unknown,0,0,0,False,False,False,Clear,,False,TALBOT ST; TALBOT ST; Near,3/7/2019 1:14:35 PM,,
46230,17-034093,1487091600000,2017,2,14,17,0,0,Tuesday,543043.23988,4809760.02023,-80.468114,43.439510999999996,At intersection,2,P.D. only,Within intersection,unknown,unknown,Angle,Unknown,Daylight,01 - Daylight,Regional municipality,Stop sign,Functioning,0,0,0,False,False,False,Clear,,False,CHARLES ST E; PRESTON ST,3/7/2019 1:14:34 PM,,
46231,17-034163,1487184420000,2017,2,15,18,47,0,Wednesday,541371.88195,4810467.71157,-80.48871199999999,43.445977,At/near private drive,2,P.D. only,Thru lane,unknown,unknown,SMV unattended vehicle,Unknown,"Dark, artificial","08 - Dark, artificial",Municipal (excl. Twp. Rd.),No control,unknown,0,0,0,False,False,False,Clear,,False,ST GEORGE ST ; ST GEORGE ST ; At,3/7/2019 1:14:33 PM,,
46232,17-034195,1487187840000,2017,2,15,19,44,0,Wednesday,541833.9208,4810034.02237,-80.483036,43.442046,Non intersection,1,Non-fatal injury,Right turn lane,unknown,unknown,SMV other,Unknown,"Dark, artificial","08 - Dark, artificial",Regional municipality,No control,unknown,0,0,0,True,False,False,Clear,,False,STIRLING AVE S; STIRLING AVE S; Near; 1 M,3/7/2019 1:14:32 PM,,
46233,17-034434,1487144700000,2017,2,15,7,45,0,Wednesday,543479.95816,4812347.64965,-80.46251099999999,43.462784,Intersection related,1,Non-fatal injury,Thru lane,unknown,unknown,Rear end,Unknown,Daylight,01 - Daylight,Municipal (excl. Twp. Rd.),Stop sign,Functioning,0,0,0,False,False,False,Clear,,False,EPHRAIM ST; RIVER RD E,3/7/2019 1:14:31 PM,,
46234,17-034849,1487261340000,2017,2,16,16,9,0,Thursday,547745.42064,4804289.36951,-80.410489,43.389967999999996,Non intersection,2,P.D. only,Thru lane,unknown,unknown,Turning movement,Unknown,"Daylight, artificial","02 - Daylight, artificial",Municipal (excl. Twp. Rd.),No control,unknown,0,0,0,False,False,False,Clear,,False,CONESTOGA COLLEGE BLVD; DOON VALLEY DR; Near; 100 M,3/7/2019 1:14:30 PM,,
46235,17-034979,1487274180000,2017,2,16,19,43,0,Thursday,545275.14704,4806434.67103,-80.440811,43.409438,At intersection,2,P.D. only,Within intersection,unknown,unknown,Angle,Stop sign,"Dark, artificial","08 - Dark, artificial",Municipal (excl. Twp. Rd.),Stop sign,Functioning,0,0,0,False,False,False,Clear,,False,WABANAKI DR ; WILSON AVE,3/7/2019 1:14:29 PM,,
46236,17-035070,1487284260000,2017,2,16,22,31,0,Thursday,540807.69507,4810880.23896,-80.495654,43.449722,Intersection related,1,Non-fatal injury,Not on roadway - right side,unknown,unknown,SMV other,Unknown,Dark,07 - Dark,Municipal (excl. Twp. Rd.),Traffic signal,Functioning,0,0,0,False,False,False,Clear,,False,JOSEPH ST ; WATER ST S; Near; 16 M,3/7/2019 1:14:28 PM,,
46237,17-035522,1487328300000,2017,2,17,10,45,0,Friday,545988.11353,4809427.10248,-80.431753,43.436338,Non intersection,2,P.D. only,Thru lane,unknown,unknown,Sideswipe,Unknown,Daylight,01 - Daylight,Municipal (excl. Twp. Rd.),No control,unknown,0,0,0,False,False,False,Clear,,False,KINZIE AVE; GRULKE ST; Near,3/7/2019 1:14:27 PM,,
46238,17-035930,1487370360000,2017,2,17,22,26,0,Friday,545582.62977,4809481.76265,-80.436759,43.436855,Non intersection,2,P.D. only,Thru lane,unknown,unknown,SMV unattended vehicle,Unknown,Dark,07 - Dark,Municipal (excl. Twp. Rd.),No control,unknown,0,0,0,False,False,False,Clear,,False,FERGUS AVE; RUTHERFORD DR; Near; 25 M,3/7/2019 1:14:26 PM,,
46239,17-036037,1487381400000,2017,2,18,1,30,0,Saturday,541496.73044,4808743.34969,-80.487301,43.430444,Intersection related,2,P.D. only,Thru lane,unknown,unknown,Turning movement,Unknown,"Dark, artificial","08 - Dark, artificial",Municipal (excl. Twp. Rd.),Stop sign,Functioning,0,0,0,False,False,False,Clear,,False,HOFFMAN ST; HIGHLAND RD E; 5 M,3/7/2019 1:14:25 PM,,
46240,17-036342,1487413800000,2017,2,18,10,30,0,Saturday,541014.92242,4809675.82065,-80.493183,43.438866,Intersection related,2,P.D. only,Thru lane,unknown,unknown,Rear end,Unknown,Daylight,01 - Daylight,Municipal (excl. Twp. Rd.),Traffic signal,Functioning,0,0,0,False,False,False,Clear,,False,HIGHLAND RD E; SPADINA RD E; At,3/7/2019 1:14:24 PM,,
46241,17-036524,1487436120000,2017,2,18,16,42,0,Saturday,547288.04966,4808889.91566,-80.41573799999999,43.431419999999996,Other,2,P.D. only,Off highway,unknown,unknown,Other,Unknown,Daylight,01 - Daylight,Private property,No control,unknown,0,0,0,False,False,False,Clear,,False,MORRISON RD; MORRISON RD ; At,3/7/2019 1:14:23 PM,,
46242,17-036541,1487438100000,2017,2,18,17,15,0,Saturday,536283.71444,4808644.8069,-80.55171299999999,43.429826999999996,Non intersection,2,P.D. only,Right shoulder,unknown,unknown,SMV unattended vehicle,Unknown,Daylight,01 - Daylight,Municipal (excl. Twp. Rd.),No control,unknown,0,0,0,False,False,False,Clear,,False,HUCK CRES; HUCK CRES ; Near; 0 M,3/7/2019 1:14:22 PM,,
46243,17-037217,1487322000000,2017,2,17,9,0,0,Friday,543241.56393,4811821.44869,-80.4655,43.458059999999996,Non intersection,2,P.D. only,Thru lane,unknown,unknown,SMV unattended vehicle,Unknown,Daylight,01 - Daylight,Municipal (excl. Twp. Rd.),No control,unknown,0,0,0,False,False,False,Clear,,False,CAMBRIDGE AVE; CAMBRIDGE AVE,3/7/2019 1:14:21 PM,,
46244,17-037229,1487354400000,2017,2,17,18,0,0,Friday,539821.73269,4807595.7144,-80.508079,43.420201,At/near private drive,2,P.D. only,Right shoulder,unknown,unknown,SMV unattended vehicle,Unknown,Dusk,05 - Dusk,Municipal (excl. Twp. Rd.),No control,unknown,0,0,0,False,False,False,Clear,,False,WINDALE CRES; WINDALE CRES ; Near; 6 M,3/7/2019 1:14:19 PM,,
46245,17-037719,1487584200000,2017,2,20,9,50,0,Monday,537406.53981,4809599.14776,-80.537776,43.438365,At/near private drive,2,P.D. only,Thru lane,unknown,unknown,Other,Unknown,Daylight,01 - Daylight,Municipal (excl. Twp. Rd.),No control,unknown,0,0,0,False,False,False,Clear,,False,STOKE DR; STOKE DR ; At; 10 M,3/7/2019 1:14:18 PM,,
46246,17-037816,1487448000000,2017,2,18,20,0,0,Saturday,545573.71922,4808932.98811,-80.436915,43.431914,Non intersection,2,P.D. only,Thru lane,unknown,unknown,SMV unattended vehicle,Unknown,Dark,07 - Dark,Municipal (excl. Twp. Rd.),No control,unknown,0,0,0,False,False,False,Clear,,False,HUBER ST; HUBER ST ; Near,3/7/2019 1:14:17 PM,,
46247,17-037847,1487591400000,2017,2,20,11,50,0,Monday,540918.38914,4812366.79071,-80.494174,43.463100999999995,Intersection related,2,P.D. only,Thru lane,unknown,unknown,Rear end,Unknown,Daylight,01 - Daylight,Municipal (excl. Twp. Rd.),Traffic signal,Functioning,0,0,0,False,False,False,Clear,,False,MARGARET AVE; GUELPH ST; At,3/7/2019 1:14:16 PM,,