OBJECTID,ACCIDENTNUM,ACCIDENTDATE,ACCIDENT_YEAR,ACCIDENT_MONTH,ACCIDENT_DAY,ACCIDENT_HOUR,ACCIDENT_MINUTE,ACCIDENT_SECOND,ACCIDENT_WEEKDAY,XCOORD,YCOORD,LONGITUDE,LATITUDE,ACCIDENTLOCATION,COLLISIONTYPE,CLASSIFICATIONOFACCIDENT,IMPACTLOCATION,INITIALDIRECTIONOFTRAVELONE,INITIALDIRECTIONOFTRAVELTWO,INITIALIMPACTTYPE,INTTRAFFICCONTROL,LIGHT,LIGHTFORREPORT,ROADJURISDICTION,TRAFFICCONTROL,TRAFFICCONTROLCONDITION,THRULANENO,NORTHBOUNDDISOBEYCOUNT,SOUTHBOUNDDISOBEYCOUNT,PEDESTRIANINVOLVED,CYCLISTINVOLVED,MOTORCYCLISTINVOLVED,ENVIRONMENTCONDITION1,ENVIRONMENTCONDITION2,SELFREPORTED,XMLIMPORTNOTES,LASTEDITEDDATE,CREATE_BY,CREATE_DATE
46248,17-037879,1487597580000,2017,2,20,13,33,0,Monday,540042.42161,4806044.9161,-80.505466,43.406226,Non intersection,2,P.D. only,Thru lane,unknown,unknown,SMV unattended vehicle,Unknown,Daylight,01 - Daylight,Municipal (excl. Twp. Rd.),No control,unknown,0,0,0,False,False,False,Clear,,False,COTTON GRASS ST ; COTTON GRASS ST ; Near; 1 M,3/7/2019 1:14:14 PM,,
46249,17-038748,1487444400000,2017,2,18,19,0,0,Saturday,536401.46685,4808436.69962,-80.55027199999999,43.427948,At/near private drive,2,P.D. only,Thru lane,unknown,unknown,SMV unattended vehicle,Unknown,Dusk,05 - Dusk,Municipal (excl. Twp. Rd.),No control,unknown,0,0,0,False,False,False,Clear,,False,WESTMEADOW DR; WESTMEADOW DR,3/7/2019 1:14:13 PM,,
46250,17-039596,1487547000000,2017,2,19,23,30,0,Sunday,541672.78123,4810787.22491,-80.48496899999999,43.448837,Other,2,P.D. only,Off highway,unknown,unknown,SMV unattended vehicle,Unknown,Dark,07 - Dark,Private property,No control,unknown,0,0,0,False,False,False,Clear,,False,DRIVEWAY; KING ST E; At,3/7/2019 1:14:12 PM,,
46251,17-039774,1487751300000,2017,2,22,8,15,0,Wednesday,544699.49227,4811914.74711,-80.447471,43.458815,At/near private drive,2,P.D. only,Right shoulder,unknown,unknown,SMV unattended vehicle,Unknown,Daylight,01 - Daylight,Municipal (excl. Twp. Rd.),No control,unknown,0,0,0,False,False,False,Clear,,False,CARSON DR; CARSON DR ; Near,3/7/2019 1:14:11 PM,,
46252,17-039867,1487800800000,2017,2,22,22,0,0,Wednesday,540984.95264,4810826.69765,-80.493467,43.449231,At intersection,1,Non-fatal injury,Within intersection,unknown,unknown,SMV other,Unknown,Dark,07 - Dark,Municipal (excl. Twp. Rd.),Stop sign,Functioning,0,0,0,True,False,False,Clear,,False,JOSEPH ST ; GAUKEL ST,3/7/2019 1:14:10 PM,,
46253,17-040056,1487837700000,2017,2,23,8,15,0,Thursday,545315.61704,4804469.79116,-80.440474,43.391743,At intersection,2,P.D. only,Within intersection,unknown,unknown,Angle,Unknown,Daylight,01 - Daylight,Municipal (excl. Twp. Rd.),Stop sign,Functioning,0,0,0,False,False,False,Clear,,False,DOON VILLAGE RD; BECHTEL DR,3/7/2019 1:14:08 PM,,
46254,17-040091,1487788500000,2017,2,22,18,35,0,Wednesday,539494.71286,4810246.57227,-80.511926,43.444086999999996,At/near private drive,2,P.D. only,Thru lane,unknown,unknown,SMV unattended vehicle,Unknown,"Dark, artificial","08 - Dark, artificial",Municipal (excl. Twp. Rd.),No control,unknown,0,0,0,False,False,False,Clear,,False,TALBOT ST; TALBOT ST; Near,3/7/2019 1:14:07 PM,,
46255,17-040106,1487839500000,2017,2,23,8,45,0,Thursday,546066.20411,4810463.65393,-80.430701,43.445665999999996,At/near private drive,2,Non-reportable,Not on roadway - right side,unknown,unknown,Other,Unknown,Daylight,01 - Daylight,Municipal (excl. Twp. Rd.),No control,unknown,0,0,0,False,False,False,Clear,,False,HUNTINGDALE DR; HUNTINGDALE DR; At,3/7/2019 1:14:06 PM,,
46256,17-040190,1487772000000,2017,2,22,14,0,0,Wednesday,541818.19683,4810608.06228,-80.483186,43.447216,At/near private drive,2,P.D. only,Thru lane,unknown,unknown,Rear end,Unknown,Daylight,01 - Daylight,Regional municipality,No control,unknown,0,0,0,False,False,False,Clear,,False,KING ST E; KING ST E; At,3/7/2019 1:14:05 PM,,
46257,17-040376,1487853000000,2017,2,23,12,30,0,Thursday,541972.28267,4810659.86258,-80.481278,43.447674,At/near private drive,2,Non-reportable,Thru lane,unknown,unknown,Other,Unknown,Daylight,01 - Daylight,Municipal (excl. Twp. Rd.),No control,unknown,0,0,0,False,False,False,Clear,,False,MADISON AVE N; KING ST E; At,3/7/2019 1:14:04 PM,,
46258,17-040413,1487862900000,2017,2,23,15,15,0,Thursday,543067.5548,4807477.16546,-80.46799299999999,43.418954,Intersection related,2,P.D. only,Thru lane,unknown,unknown,Rear end,Unknown,Daylight,01 - Daylight,Municipal (excl. Twp. Rd.),Yield sign,Functioning,0,0,0,False,False,False,Clear,,False,BLOCK LINE RD; HANOVER ST ; At,3/7/2019 1:14:02 PM,,
46259,17-040497,1487865600000,2017,2,23,16,0,0,Thursday,539502.06964,4806103.42644,-80.512135,43.406780999999995,At intersection,1,Non-fatal injury,Within intersection,unknown,unknown,SMV other,Unknown,Daylight,01 - Daylight,Municipal (excl. Twp. Rd.),Stop sign,Functioning,0,0,0,True,False,False,Clear,,False,ACTIVA AVE ; BRIDLEWREATH ST,3/7/2019 1:14:01 PM,,
46260,17-040758,1487907960000,2017,2,24,3,46,0,Friday,540451.64361,4806280.3957,-80.500395,43.408324,Non intersection,1,Non-fatal injury,Off highway,unknown,unknown,SMV other,Unknown,"Dark, artificial","08 - Dark, artificial",Municipal (excl. Twp. Rd.),No control,unknown,0,0,0,False,False,False,Clear,,False,HIGHBROOK CRES ; HIGHBROOK CRES ; 1 M,3/7/2019 1:14:00 PM,,
46261,17-040921,1487910600000,2017,2,24,4,30,0,Friday,539617.31011,4811374.40984,-80.510329,43.454235999999995,At intersection,1,Non-fatal injury,Within intersection,unknown,unknown,SMV other,Unknown,Dark,07 - Dark,Municipal (excl. Twp. Rd.),Traffic signal,Functioning,0,0,0,True,False,False,Clear,,False,PARK ST; GLASGOW ST,3/7/2019 1:13:59 PM,,
46262,17-040984,1487934900000,2017,2,24,11,15,0,Friday,537450.50485,4808201.37349,-80.537328,43.425777,Non intersection,2,P.D. only,Thru lane,unknown,unknown,Rear end,Unknown,Daylight,01 - Daylight,Municipal (excl. Twp. Rd.),No control,unknown,0,0,0,False,False,False,"Fog, mist, smoke, dust",,False,BLACKWELL DR; BLACKWELL DR ; At; 2 M,3/7/2019 1:13:58 PM,,
46263,17-041054,1487934900000,2017,2,24,11,15,0,Friday,541869.62958,4811041.5676,-80.482517,43.451116,Non intersection,2,P.D. only,Right shoulder,unknown,unknown,SMV unattended vehicle,Unknown,Daylight,01 - Daylight,Municipal (excl. Twp. Rd.),No control,unknown,0,0,0,False,False,False,Clear,,False,IRVIN ST; IRVIN ST ; Near,3/7/2019 1:13:55 PM,,
46264,17-041286,1487890800000,2017,2,23,23,0,0,Thursday,540410.21996,4811765.92238,-80.5005,43.457719,Non intersection,2,P.D. only,Right shoulder,unknown,unknown,SMV unattended vehicle,Unknown,"Dark, artificial","08 - Dark, artificial",Municipal (excl. Twp. Rd.),No control,unknown,0,0,0,False,False,False,Clear,,False,WATERLOO ST; WATERLOO ST ; Near,3/7/2019 1:13:54 PM,,
46265,17-041347,1487963400000,2017,2,24,19,10,0,Friday,542218.81878,4810995.06676,-80.478205,43.450677999999996,At intersection,2,P.D. only,Within intersection,unknown,unknown,Angle,Unknown,Dark,07 - Dark,Regional municipality,Stop sign,Functioning,0,1,0,False,False,False,Rain,,False,TUERR DR; RITTENHOUSE RD,3/7/2019 1:13:52 PM,,
46266,17-041933,1488034800000,2017,2,25,15,0,0,Saturday,543554.01748,4808319.01196,-80.461917,43.426505999999996,Non intersection,2,P.D. only,Thru lane,unknown,unknown,SMV unattended vehicle,Unknown,Daylight,01 - Daylight,Regional municipality,No control,unknown,0,0,0,False,False,False,Clear,,False,VANIER DR; VANIER DR ; At; 2 M,3/7/2019 1:13:51 PM,,
46267,17-041937,1488035040000,2017,2,25,15,4,0,Saturday,537503.72822,4808317.65308,-80.53666299999999,43.426821,Other,2,P.D. only,Off highway,unknown,unknown,SMV other,Unknown,Daylight,01 - Daylight,Private property,No control,unknown,0,0,0,False,False,False,Clear,,False,PRIVATE DRIVE; MONTANA CRES,3/7/2019 1:13:50 PM,,
46268,17-042058,1488049020000,2017,2,25,18,57,0,Saturday,540217.68755,4805817.61734,-80.503318,43.40417,At intersection,1,Non-fatal injury,Within intersection,unknown,unknown,SMV other,Unknown,Dark,07 - Dark,Municipal (excl. Twp. Rd.),Stop sign,Functioning,0,0,0,True,False,False,Clear,,False,COMMONWEALTH ST; MAX BECKER DR,3/7/2019 1:13:49 PM,,
46269,17-042102,1488054780000,2017,2,25,20,33,0,Saturday,542108.42921,4807129.85363,-80.479868,43.415881999999996,At intersection,2,P.D. only,Within intersection,unknown,unknown,Turning movement,Unknown,Dark,07 - Dark,Regional municipality,Traffic signal,Functioning,0,0,0,False,False,False,Snow,,False,STRASBURG RD ; BLOCK LINE RD,3/7/2019 1:13:48 PM,,
46270,17-042245,1488067500000,2017,2,26,0,5,0,Sunday,543230.87577,4804481.29635,-80.466213,43.39197,At intersection,2,P.D. only,Within intersection,unknown,unknown,SMV other,Unknown,Dark,07 - Dark,Regional municipality,Yield sign,Functioning,0,0,0,False,False,False,Clear,,False,HURON RD; STRASBURG RD,3/7/2019 1:13:46 PM,,
46271,17-042738,1488079800000,2017,2,26,3,30,0,Sunday,541854.734,4803510.59355,-80.483278,43.383308,At intersection,2,P.D. only,Within intersection,unknown,unknown,SMV other,Unknown,Dark,07 - Dark,Regional municipality,Yield sign,Functioning,0,0,0,False,False,False,Snow,,False,HURON RD ; WOODBINE AVE,3/7/2019 1:13:46 PM,,
46272,17-042915,1488132000000,2017,2,26,18,0,0,Sunday,536039.82437,4807468.56173,-80.55480399999999,43.419247999999996,At/near private drive,2,P.D. only,Right shoulder,unknown,unknown,SMV unattended vehicle,Unknown,Daylight,01 - Daylight,Municipal (excl. Twp. Rd.),No control,unknown,0,0,0,False,False,False,Clear,,False,PENELOPE DR; PENELOPE DR ; At; 6 M,3/7/2019 1:13:45 PM,,
46273,17-043622,1488210300000,2017,2,27,15,45,0,Monday,544171.76051,4807684.94315,-80.454337,43.420761,Non intersection,2,P.D. only,Thru lane,unknown,unknown,SMV unattended vehicle,Unknown,Daylight,01 - Daylight,Regional municipality,No control,unknown,0,0,0,False,False,False,Clear,,False,TRAYNOR AVE; TRAYNOR AVE ; Near,3/7/2019 1:13:43 PM,,
46274,17-043832,1488263700000,2017,2,28,6,35,0,Tuesday,542516.91642,4806126.6464,-80.4749,43.406825999999995,Non intersection,2,P.D. only,Thru lane,unknown,unknown,Sideswipe,Unknown,Dawn,03 - Dawn,Regional municipality,No control,unknown,0,0,0,False,False,False,Clear,,False,STRASBURG RD; BLEAMS RD,3/7/2019 1:13:42 PM,,
46275,17-043851,1488269160000,2017,2,28,8,6,0,Tuesday,536230.04091,4809387.69356,-80.55232699999999,43.436519,Non intersection,2,P.D. only,Thru lane,unknown,unknown,Rear end,Unknown,Daylight,01 - Daylight,Municipal (excl. Twp. Rd.),No control,unknown,0,0,0,False,False,False,Clear,,False,RESURRECTION DR; BEECHMANOR CRES ; Near; 100 M,3/7/2019 1:13:41 PM,,
46276,17-044308,1487595600000,2017,2,20,13,0,0,Monday,537716.85113,4809944.36261,-80.533917,43.441458,At/near private drive,2,P.D. only,Thru lane,unknown,unknown,SMV unattended vehicle,Unknown,Daylight,01 - Daylight,Municipal (excl. Twp. Rd.),No control,unknown,0,0,0,False,False,False,Clear,,False,SHADELAND CRES; SHADELAND CRES; Near,3/7/2019 1:13:40 PM,,
46277,17-044312,1488301860000,2017,2,28,17,11,0,Tuesday,544344.8571,4808758.28088,-80.452111,43.430414999999996,Intersection related,1,Non-fatal injury,Thru lane,unknown,unknown,Rear end,Unknown,Daylight,01 - Daylight,Municipal (excl. Twp. Rd.),No control,unknown,0,0,0,False,True,False,Clear,,False,SIXTH AVE ; CONNAUGHT ST ; Near,3/7/2019 1:13:39 PM,,
46278,17-044727,1488297600000,2017,2,28,16,0,0,Tuesday,541582.6289,4811443.47414,-80.48603399999999,43.454750999999995,Non intersection,2,P.D. only,Right shoulder,unknown,unknown,SMV unattended vehicle,Unknown,Daylight,01 - Daylight,Municipal (excl. Twp. Rd.),No control,unknown,0,0,0,False,False,False,Clear,,False,MARGARET AVE; MARGARET AVE ; Near,3/7/2019 1:13:38 PM,,
46279,17-044969,1488375180000,2017,3,1,13,33,0,Wednesday,538983.82651,4811319.0227,-80.518163,43.45377,Non intersection,2,P.D. only,Thru lane,unknown,unknown,Turning movement,Unknown,Daylight,01 - Daylight,Municipal (excl. Twp. Rd.),No control,unknown,0,0,0,False,False,False,Rain,,False,BELMONT AVE W; ARGYLE ST ; Near; 50 M,3/7/2019 1:13:37 PM,,
46280,17-045127,1488387300000,2017,3,1,16,55,0,Wednesday,537413.16067,4810298.85462,-80.537646,43.444665,Other,2,P.D. only,Right shoulder,unknown,unknown,SMV other,Unknown,Daylight,01 - Daylight,Municipal (excl. Twp. Rd.),No control,unknown,0,0,0,False,False,False,Clear,,False,GLASGOW ST ; 728 GLASGOW ST; 9 M,3/7/2019 1:13:36 PM,,
46281,17-045700,1488451500000,2017,3,2,10,45,0,Thursday,543704.61873,4812051.4887,-80.459758,43.460105,Non intersection,2,P.D. only,Thru lane,unknown,unknown,Sideswipe,Unknown,Daylight,01 - Daylight,Regional municipality,No control,unknown,0,0,0,False,False,False,Clear,,False,RIVER RD E; RIVER RD E,3/7/2019 1:13:35 PM,,
46282,17-045826,1488378000000,2017,3,1,14,20,0,Wednesday,539617.29322,4811377.28407,-80.510329,43.454262,Intersection related,2,Non-reportable,Thru lane,unknown,unknown,Rear end,Unknown,Daylight,01 - Daylight,Municipal (excl. Twp. Rd.),Traffic signal,Functioning,0,0,0,False,False,False,Rain,,False,PARK ST; GLASGOW ST,3/7/2019 1:13:34 PM,,
46283,17-046282,1487448000000,2017,2,18,20,0,0,Saturday,545365.59502,4811021.91907,-80.439312,43.450736,Non intersection,2,P.D. only,Thru lane,unknown,unknown,SMV unattended vehicle,Unknown,"Dark, artificial","08 - Dark, artificial",Municipal (excl. Twp. Rd.),No control,unknown,0,0,0,False,False,False,Clear,,False,HOLBORN DR; OLD CHICOPEE DR; Near,3/7/2019 1:13:33 PM,,
46284,17-046315,1488532380000,2017,3,3,9,13,0,Friday,539052.34344,4809774.18402,-80.517427,43.439856999999996,Non intersection,1,Non-fatal injury,Thru lane,unknown,unknown,SMV unattended vehicle,Unknown,Daylight,01 - Daylight,Municipal (excl. Twp. Rd.),No control,unknown,0,0,0,False,False,False,Snow,,False,PAULANDER DR; VICTORIA ST S; 80 M,3/7/2019 1:13:32 PM,,
46285,17-046373,1488541500000,2017,3,3,11,45,0,Friday,542074.7992,4806108.64341,-80.480362,43.406689,At/near private drive,2,P.D. only,Thru lane,unknown,unknown,Other,Unknown,Daylight,01 - Daylight,Municipal (excl. Twp. Rd.),Stop sign,Functioning,0,0,0,False,False,False,Clear,,False,SPRING HILL PL; THE COUNTRY WAY ; At; 5 M,3/7/2019 1:13:31 PM,,
46286,17-046495,1488542100000,2017,3,3,11,55,0,Friday,541174.44388,4812378.83846,-80.491008,43.463195999999996,At/near private drive,2,P.D. only,Thru lane,unknown,unknown,Turning movement,Unknown,Daylight,01 - Daylight,Municipal (excl. Twp. Rd.),No control,unknown,0,0,0,False,False,False,Snow,,False,BLUCHER ST; BLUCHER ST,3/7/2019 1:13:30 PM,,
46287,17-046499,1488545460000,2017,3,3,12,51,0,Friday,539604.70233,4806711.95669,-80.510824,43.412254999999995,Non intersection,2,P.D. only,Thru lane,unknown,unknown,SMV unattended vehicle,Unknown,Daylight,01 - Daylight,Municipal (excl. Twp. Rd.),No control,unknown,0,0,0,False,False,False,Clear,,False,QUEEN CHARLOTTE CRES; QUEEN CHARLOTTE CRES ; At; 2 M,3/7/2019 1:13:29 PM,,
46288,17-046653,1488549600000,2017,3,3,14,0,0,Friday,547678.58511,4810743.65293,-80.41075099999999,43.448085999999996,Intersection related,2,Non-reportable,Thru lane,unknown,unknown,Turning movement,Unknown,Daylight,01 - Daylight,Municipal (excl. Twp. Rd.),Stop sign,Functioning,0,0,0,False,False,False,Clear,,False,COUNTRY CLAIR ST; PEBBLECREEK DR; At,3/7/2019 1:13:28 PM,,
46289,17-046657,1488556980000,2017,3,3,16,3,0,Friday,541068.0,4811108.0,0.0,0.0,At intersection,2,P.D. only,Within intersection,unknown,unknown,Sideswipe,Unknown,Daylight,01 - Daylight,Municipal (excl. Twp. Rd.),Stop sign,Functioning,0,0,0,False,False,False,Clear,,False,SALTSMAN DR; BARNES RD,3/7/2019 1:13:27 PM,,
46290,17-046687,1488555720000,2017,3,3,15,42,0,Friday,544561.92798,4807298.07704,-80.44954899999999,43.417254,Non intersection,2,P.D. only,Not on roadway - right side,unknown,unknown,Sideswipe,Unknown,Daylight,01 - Daylight,Municipal (excl. Twp. Rd.),No control,unknown,0,0,0,False,False,False,Clear,,False,WEBSTER RD; MANITOU DR; Near,3/7/2019 1:13:25 PM,,
46291,17-046692,1488555000000,2017,3,3,15,30,0,Friday,541892.88065,4807548.29357,-80.48249799999999,43.419661,At/near private drive,2,P.D. only,Thru lane,unknown,unknown,Other,Unknown,Daylight,01 - Daylight,Municipal (excl. Twp. Rd.),No control,unknown,0,0,0,False,False,False,Clear,,False,LUCERNE DR; LUCERNE DR,3/7/2019 1:13:24 PM,,
46292,17-046771,1488560400000,2017,3,3,17,0,0,Friday,543489.80159,4809521.39628,-80.462615,43.437335999999995,At intersection,2,P.D. only,Within intersection,unknown,unknown,Angle,Unknown,Daylight,01 - Daylight,Municipal (excl. Twp. Rd.),Stop sign,Functioning,0,0,0,False,False,False,Clear,,False,DOON RD; ROCKWAY DR,3/7/2019 1:13:23 PM,,
46293,17-046833,1488564000000,2017,3,3,18,0,0,Friday,544884.09707,4804850.24113,-80.44577,43.395195,Intersection related,2,Non-reportable,Thru lane,unknown,unknown,Rear end,Unknown,Daylight,01 - Daylight,Municipal (excl. Twp. Rd.),Traffic signal,Functioning,0,0,0,False,False,False,Clear,,False,DOON VILLAGE RD; PIONEER DR,3/7/2019 1:13:22 PM,,
46294,17-047207,1488537000000,2017,3,3,10,30,0,Friday,539328.86356,4807827.36866,-80.51415,43.422312999999995,At/near private drive,2,P.D. only,Right shoulder,unknown,unknown,SMV unattended vehicle,Unknown,Daylight,01 - Daylight,Municipal (excl. Twp. Rd.),No control,unknown,0,0,0,False,False,False,Clear,,False,UPLANDS DR; UPLANDS DR ; 1 M,3/7/2019 1:13:21 PM,,
46295,17-047595,1488649800000,2017,3,4,17,50,0,Saturday,544910.17383,4810046.56926,-80.445021,43.441981,Non intersection,2,P.D. only,Thru lane,unknown,unknown,SMV unattended vehicle,Unknown,Daylight,01 - Daylight,Municipal (excl. Twp. Rd.),No control,unknown,0,0,0,False,False,False,Clear,,False,KENNETH AVE; RENNIE DR; 20 M,3/7/2019 1:13:20 PM,,
46296,17-048172,1488659400000,2017,3,4,20,30,0,Saturday,547283.97603,4803035.36461,-80.41629499999999,43.378706,Non intersection,2,P.D. only,Right shoulder,unknown,unknown,SMV unattended vehicle,Unknown,"Dark, artificial","08 - Dark, artificial",Municipal (excl. Twp. Rd.),No control,unknown,0,0,0,False,False,False,Clear,,False,SADDLEWOOD DR; SADDLEWOOD DR ; Near,3/7/2019 1:13:19 PM,,
46297,17-048702,1488789300000,2017,3,6,8,35,0,Monday,540486.80886,4809734.4142,-80.499704,43.439423,At intersection,2,P.D. only,Within intersection,unknown,unknown,Angle,Unknown,Daylight,01 - Daylight,Municipal (excl. Twp. Rd.),Stop sign,Functioning,0,0,0,False,False,False,Clear,,False,SPADINA RD E; QUEENS BLVD,3/7/2019 1:13:17 PM,,
46298,17-048765,1488717000000,2017,3,5,12,30,0,Sunday,543374.9065,4807670.17717,-80.464181,43.420674999999996,Non intersection,2,P.D. only,Thru lane,unknown,unknown,Sideswipe,Unknown,Daylight,01 - Daylight,Municipal (excl. Twp. Rd.),Stop sign,Functioning,0,0,0,False,False,False,Clear,,False,BLOCK LINE RD; LENNOX LEWIS WAY ; Near; 20 M,3/7/2019 1:13:16 PM,,
46299,17-049033,1488813300000,2017,3,6,15,15,0,Monday,544230.55145,4808181.60608,-80.45357,43.425228999999995,Non intersection,2,P.D. only,Thru lane,unknown,unknown,Sideswipe,Unknown,Daylight,01 - Daylight,Municipal (excl. Twp. Rd.),No control,unknown,0,0,0,False,False,False,Clear,,False,BYRON AVE; MAYWOOD RD; Near,3/7/2019 1:13:15 PM,,
46300,17-049711,1488834900000,2017,3,6,21,15,0,Monday,543173.00148,4808944.63629,-80.46657499999999,43.432161,Intersection related,2,P.D. only,Thru lane,unknown,unknown,Rear end,Unknown,Dark,07 - Dark,Municipal (excl. Twp. Rd.),Stop sign,Functioning,0,0,0,False,False,False,Rain,,False,CARWOOD AVE; DIXON ST,3/7/2019 1:13:14 PM,,
46301,17-049943,1488914340000,2017,3,7,19,19,0,Tuesday,540647.83931,4807972.07672,-80.497846,43.423545999999995,At intersection,1,Non-fatal injury,Within intersection,unknown,unknown,SMV other,Unknown,Dark,07 - Dark,Municipal (excl. Twp. Rd.),No control,unknown,0,0,0,True,False,False,Clear,,False,CHANDLER DR; LEACREST CRT,3/7/2019 1:13:13 PM,,
46302,17-050255,1488962220000,2017,3,8,8,37,0,Wednesday,540525.53203,4811868.16127,-80.499067,43.458633,At intersection,2,P.D. only,Within intersection,unknown,unknown,Other,Unknown,Daylight,01 - Daylight,Municipal (excl. Twp. Rd.),Stop sign,Functioning,0,0,0,False,False,False,Clear,,False,DUKE ST W; STAHL AVE,3/7/2019 1:13:12 PM,,
46303,17-050432,1488964800000,2017,3,8,9,20,0,Wednesday,541956.25563,4803586.0259,-80.482019,43.383981,At/near private drive,2,P.D. only,Thru lane,unknown,unknown,Other,Unknown,Daylight,01 - Daylight,Municipal (excl. Twp. Rd.),No control,unknown,0,0,0,False,False,False,Clear,,False,ROCHEFORT ST; ROCHEFORT ST ; At,3/7/2019 1:13:11 PM,,
46304,17-050770,1489002180000,2017,3,8,19,43,0,Wednesday,544117.41798,4811894.67756,-80.454668,43.458669,At intersection,1,Non-fatal injury,Within intersection,unknown,unknown,SMV other,Unknown,"Dark, artificial","08 - Dark, artificial",Municipal (excl. Twp. Rd.),Stop sign,Functioning,0,0,0,True,False,False,Clear,,False,RIVER RD E; MANCHESTER RD,3/7/2019 1:13:10 PM,,
46305,17-051001,1489000800000,2017,3,8,19,20,0,Wednesday,539569.24451,4811424.83328,-80.51092,43.454692,Intersection related,2,P.D. only,Thru lane,unknown,unknown,Rear end,Unknown,Daylight,01 - Daylight,Municipal (excl. Twp. Rd.),Stop sign,Functioning,0,0,0,False,False,False,Clear,,False,GREEN ST; PARK ST,3/7/2019 1:13:09 PM,,
46306,17-051104,1489051320000,2017,3,9,9,22,0,Thursday,540252.5912,4808336.12704,-80.502702,43.426845,Non intersection,2,P.D. only,Not on roadway - right side,unknown,unknown,SMV other,Unknown,Daylight,01 - Daylight,Municipal (excl. Twp. Rd.),No control,unknown,0,0,0,False,False,False,Clear,,False,VILLAGE RD; WESTMOUNT RD E; 300 M,3/7/2019 1:13:07 PM,,
46307,17-051165,1489055280000,2017,3,9,10,28,0,Thursday,541585.37367,4811329.6229,-80.486008,43.453725999999996,Non intersection,2,P.D. only,Thru lane,unknown,unknown,Rear end,Unknown,Daylight,01 - Daylight,Regional municipality,No control,unknown,0,0,0,False,False,False,Clear,,False,QUEEN ST N; QUEEN ST N; Near; 10 M,3/7/2019 1:13:06 PM,,
46308,17-051322,1489066980000,2017,3,9,13,43,0,Thursday,541068.0,4811108.0,0.0,0.0,Non intersection,2,P.D. only,Not on roadway - right side,unknown,unknown,SMV other,Unknown,Daylight,01 - Daylight,Municipal (excl. Twp. Rd.),No control,unknown,0,0,0,False,False,False,Clear,,False,SPRING CREEK ST; SPRING CREEK ST ; At; 4 M,3/7/2019 1:13:05 PM,,
46309,17-052074,1489146720000,2017,3,10,11,52,0,Friday,542612.53152,4806684.24316,-80.473676,43.411840999999995,Intersection related,1,Non-fatal injury,Off highway,unknown,unknown,SMV other,Unknown,Daylight,01 - Daylight,Municipal (excl. Twp. Rd.),No control,unknown,0,0,0,False,False,False,Clear,,False,OLD COUNTRY DR; CENTURY HILL DR,3/7/2019 1:13:04 PM,,
46310,17-052262,1489162140000,2017,3,10,16,9,0,Friday,543045.16942,4809759.0742,-80.46808999999999,43.439502,Intersection related,2,P.D. only,Thru lane,unknown,unknown,Angle,Unknown,Daylight,01 - Daylight,Municipal (excl. Twp. Rd.),Stop sign,Functioning,0,0,0,False,False,False,Snow,,False,CHARLES ST E; PRESTON ST ; Near,3/7/2019 1:13:03 PM,,
46311,17-052279,1489161000000,2017,3,10,15,50,0,Friday,543598.58703,4812978.54096,-80.460994,43.468458,Non intersection,2,P.D. only,Thru lane,unknown,unknown,Rear end,Unknown,Daylight,01 - Daylight,Municipal (excl. Twp. Rd.),No control,unknown,0,0,0,False,False,False,Clear,,False,SHIRLEY AVE; SHIRLEY AVE ; Near,3/7/2019 1:13:02 PM,,
46312,17-052493,1489181640000,2017,3,10,21,34,0,Friday,543561.94463,4812259.41126,-80.461505,43.461985,Non intersection,2,P.D. only,Thru lane,unknown,unknown,Approaching,Unknown,"Dark, artificial","08 - Dark, artificial",Regional municipality,No control,unknown,0,0,0,False,False,False,Drifting Snow,,False,RIVER RD E; FREDERICK ST; 23 M,3/7/2019 1:13:01 PM,,
46313,17-052544,1489185120000,2017,3,10,22,32,0,Friday,539079.57344,4811111.00672,-80.516995,43.451892,At intersection,2,P.D. only,Within intersection,unknown,unknown,Angle,Unknown,"Dark, artificial","08 - Dark, artificial",Regional municipality,Traffic signal,Functioning,0,0,1,False,False,False,Drifting Snow,,False,GLASGOW ST; BELMONT AVE W,3/7/2019 1:13:00 PM,,
46314,17-052693,1489176000000,2017,3,10,20,0,0,Friday,544325.81668,4802522.82703,-80.452852,43.374272,Non intersection,2,P.D. only,Not on roadway - left side,unknown,unknown,SMV other,Unknown,Dark,07 - Dark,Municipal (excl. Twp. Rd.),No control,unknown,0,0,0,False,False,False,Snow,,False,REIDEL DR ; STAUFFER DR ; 300 M,3/7/2019 1:12:59 PM,,
46315,17-052720,1489217640000,2017,3,11,7,34,0,Saturday,541466.94153,4810853.62523,-80.48750799999999,43.449445999999995,Non intersection,2,P.D. only,Not on roadway - right side,unknown,unknown,SMV other,Unknown,Daylight,01 - Daylight,Municipal (excl. Twp. Rd.),No control,unknown,0,0,0,False,False,False,Snow,,False,KING ST E; QUEEN ST N; 30 M,3/7/2019 1:12:57 PM,,
46316,17-052767,1489166400000,2017,3,10,17,20,0,Friday,543534.7976,4812294.68158,-80.461837,43.462303999999996,Non intersection,2,P.D. only,Thru lane,unknown,unknown,Sideswipe,Unknown,Daylight,01 - Daylight,Regional municipality,No control,unknown,0,0,0,False,False,False,Snow,,False,FREDERICK ST ; RIVER RD E; Near,3/7/2019 1:12:55 PM,,
46317,17-053040,1489244400000,2017,3,11,15,0,0,Saturday,539999.30207,4810409.64456,-80.505679,43.445529,Intersection related,2,P.D. only,Thru lane,unknown,unknown,Rear end,Unknown,Daylight,01 - Daylight,Municipal (excl. Twp. Rd.),Traffic signal,Functioning,0,0,0,False,False,False,Clear,,False,WEST AVE; STRANGE ST,3/7/2019 1:12:53 PM,,