OBJECTID,ACCIDENTNUM,ACCIDENTDATE,ACCIDENT_YEAR,ACCIDENT_MONTH,ACCIDENT_DAY,ACCIDENT_HOUR,ACCIDENT_MINUTE,ACCIDENT_SECOND,ACCIDENT_WEEKDAY,XCOORD,YCOORD,LONGITUDE,LATITUDE,ACCIDENTLOCATION,COLLISIONTYPE,CLASSIFICATIONOFACCIDENT,IMPACTLOCATION,INITIALDIRECTIONOFTRAVELONE,INITIALDIRECTIONOFTRAVELTWO,INITIALIMPACTTYPE,INTTRAFFICCONTROL,LIGHT,LIGHTFORREPORT,ROADJURISDICTION,TRAFFICCONTROL,TRAFFICCONTROLCONDITION,THRULANENO,NORTHBOUNDDISOBEYCOUNT,SOUTHBOUNDDISOBEYCOUNT,PEDESTRIANINVOLVED,CYCLISTINVOLVED,MOTORCYCLISTINVOLVED,ENVIRONMENTCONDITION1,ENVIRONMENTCONDITION2,SELFREPORTED,XMLIMPORTNOTES,LASTEDITEDDATE,CREATE_BY,CREATE_DATE
46596,17-123569,1496747340000,2017,6,6,11,9,0,Tuesday,545908.76225,4809346.56576,-80.43274,43.435618,At intersection,1,Non-fatal injury,Within intersection,unknown,unknown,Angle,Unknown,Daylight,01 - Daylight,Municipal (excl. Twp. Rd.),Stop sign,Functioning,0,0,0,False,False,False,Clear,,False,KINZIE AVE; THALER AVE; 5 M,3/7/2019 1:07:29 PM,,
46597,17-123737,1496005200000,2017,5,28,21,0,0,Sunday,540331.25263,4811455.12945,-80.501499,43.454924,At/near private drive,2,P.D. only,Thru lane,unknown,unknown,SMV unattended vehicle,Unknown,Daylight,01 - Daylight,Municipal (excl. Twp. Rd.),No control,unknown,0,0,0,False,False,False,Clear,,False,MOORE AVE ; WELLINGTON ST N; At,3/7/2019 1:07:27 PM,,
46598,17-123867,1496768280000,2017,6,6,16,58,0,Tuesday,539157.9422,4805686.68473,-80.516415,43.403047,Non intersection,2,P.D. only,Not on roadway - right side,unknown,unknown,SMV other,Unknown,Daylight,01 - Daylight,Municipal (excl. Twp. Rd.),No control,unknown,0,0,0,False,False,False,Clear,,False,ACTIVA AVE; ACTIVA AVE ; Near; 1 M,3/7/2019 1:07:26 PM,,
46599,17-124507,1496843400000,2017,6,7,13,50,0,Wednesday,539675.81376,4806482.85576,-80.509962,43.410188999999995,At intersection,1,Non-fatal injury,Within intersection,unknown,unknown,Angle,Unknown,Daylight,01 - Daylight,Municipal (excl. Twp. Rd.),Stop sign,Functioning,0,0,0,False,False,False,Clear,,False,BUSH CLOVER CRES; ACTIVA AVE,3/7/2019 1:07:25 PM,,
46600,17-124706,1496854800000,2017,6,7,17,0,0,Wednesday,545405.66373,4804533.69624,-80.439357,43.392313,Non intersection,1,Non-fatal injury,Thru lane,unknown,unknown,Sideswipe,Unknown,Daylight,01 - Daylight,Municipal (excl. Twp. Rd.),No control,unknown,0,0,0,False,False,False,Clear,,False,DOON VILLAGE RD; BECHTEL DR; Near; 110 M,3/7/2019 1:07:24 PM,,
46601,17-125072,1496909160000,2017,6,8,8,6,0,Thursday,541661.40573,4810409.48539,-80.48513899999999,43.445437,At intersection,1,Non-fatal injury,Within intersection,unknown,unknown,Angle,Unknown,Daylight,01 - Daylight,Municipal (excl. Twp. Rd.),Stop sign,Functioning,0,0,0,False,False,False,Clear,,False,CEDAR ST S; CHURCH ST,3/7/2019 1:07:22 PM,,
46602,17-125128,1496912340000,2017,6,8,8,59,0,Thursday,540644.004,4810645.31476,-80.497694,43.447616,Non intersection,1,Non-fatal injury,Off highway,unknown,unknown,SMV other,Unknown,Daylight,01 - Daylight,Municipal (excl. Twp. Rd.),No control,unknown,0,0,0,False,False,False,Clear,,False,WATER ST S; JUBILEE DR; Near; 40 M,3/7/2019 1:07:21 PM,,
46603,17-125268,1496860200000,2017,6,7,18,30,0,Wednesday,536607.47075,4807597.52883,-80.547784,43.420382,At/near private drive,1,Non-fatal injury,Not on roadway - right side,unknown,unknown,Angle,Unknown,Daylight,01 - Daylight,Municipal (excl. Twp. Rd.),No control,unknown,0,0,0,False,True,False,Clear,,False,ROLLING MEADOWS DR; ROLLING MEADOWS DR ; 5 M,3/7/2019 1:07:19 PM,,
46604,17-125306,1496845800000,2017,6,7,14,30,0,Wednesday,540205.64309,4811396.89263,-80.503056,43.454406999999996,Intersection related,1,Non-fatal injury,Thru lane,unknown,unknown,Rear end,Unknown,Daylight,01 - Daylight,Regional municipality,Traffic signal,Functioning,0,0,0,False,False,False,Clear,,False,KING ST W; WELLINGTON ST N; At,3/7/2019 1:07:18 PM,,
46605,17-125594,1496945100000,2017,6,8,18,5,0,Thursday,540296.54698,4806993.20131,-80.502258,43.414750999999995,At/near private drive,2,P.D. only,Thru lane,unknown,unknown,Other,Unknown,Daylight,01 - Daylight,Municipal (excl. Twp. Rd.),No control,unknown,0,0,0,False,False,False,Clear,,False,LITTLEFIELD CRES; LITTLEFIELD CRES; Near,3/7/2019 1:07:17 PM,,
46606,17-126043,1497002400000,2017,6,9,10,0,0,Friday,539079.57344,4811111.00672,-80.516995,43.451892,At intersection,2,P.D. only,Within intersection,unknown,unknown,Turning movement,Unknown,Daylight,01 - Daylight,Municipal (excl. Twp. Rd.),Traffic signal,Functioning,0,0,0,False,False,False,Clear,,False,BELMONT AVE W; GLASGOW ST,3/7/2019 1:07:16 PM,,
46607,17-127197,1497101400000,2017,6,10,13,30,0,Saturday,537975.52014,4808515.46629,-80.53081999999999,43.428579,At/near private drive,2,P.D. only,Thru lane,unknown,unknown,SMV unattended vehicle,Unknown,Daylight,01 - Daylight,Municipal (excl. Twp. Rd.),No control,unknown,0,0,0,False,False,False,Clear,,False,WESTCHESTER DR; WESTCHESTER DR; Near,3/7/2019 1:07:15 PM,,
46608,17-127800,1497114000000,2017,6,10,17,0,0,Saturday,543146.81723,4813797.84013,-80.46651399999999,43.475860999999995,Non intersection,2,P.D. only,Thru lane,unknown,unknown,SMV unattended vehicle,Unknown,Daylight,01 - Daylight,Municipal (excl. Twp. Rd.),No control,unknown,0,0,0,False,False,False,Clear,,False,PAIGE ST; PAIGE ST; Near,3/7/2019 1:07:14 PM,,
46609,17-127997,1497193860000,2017,6,11,15,11,0,Sunday,541176.96718,4808251.95354,-80.491288,43.426037,Non intersection,2,P.D. only,Not on roadway - right side,unknown,unknown,SMV other,Unknown,Daylight,01 - Daylight,Municipal (excl. Twp. Rd.),No control,unknown,0,0,0,False,False,False,Clear,,False,STRASBURG RD; CHANDLER DR ; Near; 1 M,3/7/2019 1:07:13 PM,,
46610,17-128136,1497205800000,2017,6,11,18,30,0,Sunday,536565.15328,4807503.76735,-80.548313,43.419539,Non intersection,2,P.D. only,Right shoulder,unknown,unknown,SMV unattended vehicle,Unknown,Daylight,01 - Daylight,Municipal (excl. Twp. Rd.),No control,unknown,0,0,0,False,False,False,Clear,,False,ROLLING MEADOWS DR; TRADEWINDS PL ; Near; 30 M,3/7/2019 1:07:12 PM,,
46611,17-128554,1497258780000,2017,6,12,9,13,0,Monday,540486.79735,4809736.33081,-80.499704,43.43944,At intersection,1,Non-fatal injury,Within intersection,unknown,unknown,SMV other,Unknown,Daylight,01 - Daylight,Municipal (excl. Twp. Rd.),Stop sign,Functioning,0,0,0,True,False,False,Clear,,False,SPADINA RD E; QUEENS BLVD,3/7/2019 1:07:11 PM,,
46612,17-128787,1497199140000,2017,6,11,16,39,0,Sunday,541930.70669,4807809.96981,-80.482011,43.422014999999995,At/near private drive,2,P.D. only,Thru lane,unknown,unknown,SMV unattended vehicle,Unknown,Daylight,01 - Daylight,Municipal (excl. Twp. Rd.),No control,unknown,0,0,0,False,False,False,Clear,,False,APPALACHIAN CRES; APPALACHIAN CRES,3/7/2019 1:07:10 PM,,
46613,17-128804,1495990800000,2017,5,28,17,0,0,Sunday,541068.0,4811108.0,0.0,0.0,Other,2,P.D. only,Off highway,unknown,unknown,SMV other,Unknown,Daylight,01 - Daylight,Private property,No control,unknown,0,0,0,False,False,False,Clear,,False,PRIVATE DRIVE; INGE CRT ; At,3/7/2019 1:07:09 PM,,
46614,17-128931,1496675400000,2017,6,5,15,10,0,Monday,545145.21346,4807124.4523,-80.442358,43.415656,Intersection related,2,P.D. only,Right turn lane,unknown,unknown,Rear end,Unknown,Daylight,01 - Daylight,Municipal (excl. Twp. Rd.),Stop sign,Functioning,0,0,0,False,False,False,Clear,,False,GOODRICH DR; WILSON AVE,3/7/2019 1:07:08 PM,,
46615,17-129741,1497367500000,2017,6,13,15,25,0,Tuesday,544560.25609,4811737.44659,-80.449207,43.457226999999996,At intersection,1,Non-fatal injury,Within intersection,unknown,unknown,SMV other,Unknown,Daylight,01 - Daylight,Municipal (excl. Twp. Rd.),Traffic signal,Functioning,0,0,0,True,False,False,Clear,,False,LORRAINE AVE; RIVER RD E,3/7/2019 1:07:07 PM,,
46616,17-129768,1497369360000,2017,6,13,15,56,0,Tuesday,545324.27607,4808210.98428,-80.440057,43.425429,At/near private drive,2,P.D. only,Left turn lane,unknown,unknown,Turning movement,Unknown,Daylight,01 - Daylight,Regional municipality,Stop sign,Functioning,0,0,0,False,False,False,Clear,,False,KINGSWAY DR ; KINGSWAY DR ; Near,3/7/2019 1:07:06 PM,,
46617,17-129820,1497371400000,2017,6,13,16,30,0,Tuesday,544029.8712,4813179.13167,-80.455646,43.470239,Non intersection,2,P.D. only,Thru lane,unknown,unknown,Rear end,Unknown,Daylight,01 - Daylight,Municipal (excl. Twp. Rd.),No control,unknown,0,0,0,False,False,False,Clear,,False,SHIRLEY AVE ; SHIRLEY AVE ; Near; 100 M,3/7/2019 1:07:05 PM,,
46618,17-129985,1497265200000,2017,6,12,11,0,0,Monday,538611.53146,4810348.77811,-80.52283299999999,43.445053,Non intersection,2,P.D. only,Thru lane,unknown,unknown,Sideswipe,Unknown,Daylight,01 - Daylight,Regional municipality,Traffic signal,Functioning,0,0,0,False,False,False,Clear,,False,GAGE AVE; WESTMOUNT RD W; Near,3/7/2019 1:07:04 PM,,
46619,17-130171,1497421080000,2017,6,14,6,18,0,Wednesday,543722.23537,4814441.17984,-80.45934799999999,43.48162,Non intersection,2,P.D. only,Thru lane,unknown,unknown,Rear end,Unknown,Daylight,01 - Daylight,Municipal (excl. Twp. Rd.),No control,unknown,0,0,0,False,False,False,Clear,,False,DUMART PL; DUMART PL ; At; 100 M,3/7/2019 1:07:03 PM,,
46620,17-130212,1497427080000,2017,6,14,7,58,0,Wednesday,546014.12103,4812242.94603,-80.43119399999999,43.46169,Non intersection,2,P.D. only,Right shoulder,unknown,unknown,SMV unattended vehicle,Unknown,Daylight,01 - Daylight,Municipal (excl. Twp. Rd.),No control,unknown,0,0,0,False,False,False,Clear,,False,BREMBEL ST ; DENLOW ST ; Near; 5 M,3/7/2019 1:07:02 PM,,
46621,17-130254,1497429900000,2017,6,14,8,45,0,Wednesday,545053.10174,4810838.33002,-80.44319,43.449101999999996,At intersection,2,Other,Within intersection,unknown,unknown,SMV other,Unknown,Daylight,01 - Daylight,Regional municipality,Traffic signal,Functioning,0,0,0,True,False,False,Clear,,False,RIVER RD E; HOLBORN DR,3/7/2019 1:07:01 PM,,
46622,17-130607,1497452340000,2017,6,14,14,59,0,Wednesday,542560.03626,4812549.24961,-80.473867,43.464652,Intersection related,2,P.D. only,Thru lane,unknown,unknown,Turning movement,Unknown,Daylight,01 - Daylight,Municipal (excl. Twp. Rd.),Stop sign,Functioning,0,0,0,False,False,False,Clear,,False,WELLINGTON ST N; CONESTOGA PARKWAY  HWY 85,3/7/2019 1:07:00 PM,,
46623,17-130662,1497455820000,2017,6,14,15,57,0,Wednesday,541874.74321,4810743.31258,-80.482477,43.448429999999995,At intersection,2,P.D. only,Within intersection,unknown,unknown,Turning movement,Unknown,Daylight,01 - Daylight,Regional municipality,Stop sign,Functioning,0,0,0,False,False,False,Clear,,False,CEDAR ST N; DUKE ST E; 5 M,3/7/2019 1:06:58 PM,,
46624,17-130739,1497427800000,2017,6,14,8,10,0,Wednesday,543068.12911,4805500.21441,-80.468142,43.401154,At intersection,2,Non-reportable,Within intersection,unknown,unknown,Turning movement,Unknown,Daylight,01 - Daylight,Municipal (excl. Twp. Rd.),Stop sign,Functioning,0,0,0,False,True,False,Clear,,False,TRILLIUM DR ; STRASBURG RD,3/7/2019 1:06:57 PM,,
46625,17-130793,1497459600000,2017,6,14,17,0,0,Wednesday,543160.61818,4812082.05466,-80.46647899999999,43.460411,Non intersection,1,Non-fatal injury,Thru lane,unknown,unknown,Rear end,Unknown,Daylight,01 - Daylight,Regional municipality,No control,unknown,0,0,0,False,False,False,Clear,,False,FREDERICK ST; ETHEL ST; Near; 5 M,3/7/2019 1:06:55 PM,,
46626,17-131162,1497513600000,2017,6,15,8,0,0,Thursday,542551.1648,4806034.34527,-80.47448399999999,43.405992999999995,At/near private drive,2,P.D. only,Thru lane,unknown,unknown,Rear end,Unknown,Daylight,01 - Daylight,Regional municipality,No control,unknown,0,0,0,False,False,False,Clear,,False,STRASBURG RD; STRASBURG RD,3/7/2019 1:06:54 PM,,
46627,17-131340,1497524400000,2017,6,15,11,0,0,Thursday,536706.8565,4807084.43158,-80.54659,43.415757,At/near private drive,2,P.D. only,Right shoulder,unknown,unknown,SMV unattended vehicle,Unknown,Daylight,01 - Daylight,Municipal (excl. Twp. Rd.),No control,unknown,0,0,0,False,False,False,Clear,,False,SUGAR MAPLE ST; SUGAR MAPLE ST; Near,3/7/2019 1:06:52 PM,,
46628,17-131559,1497546600000,2017,6,15,17,10,0,Thursday,542113.14232,4812325.71193,-80.47940799999999,43.462665,At intersection,1,Non-fatal injury,Within intersection,unknown,unknown,Turning movement,Unknown,Daylight,01 - Daylight,Municipal (excl. Twp. Rd.),Stop sign,Functioning,0,0,0,False,False,False,Clear,,False,WELLINGTON ST N; SPRING VALLEY RD,3/7/2019 1:06:50 PM,,
46629,17-132125,1497544800000,2017,6,15,16,40,0,Thursday,542561.66067,4812548.86287,-80.47384699999999,43.464649,Intersection related,2,Non-reportable,Thru lane,unknown,unknown,Rear end,Unknown,Daylight,01 - Daylight,Regional municipality,Traffic signal,Functioning,0,0,0,False,False,False,Clear,,False,WELLINGTON ST N; 85 N OFF TO WELLINGTON ST N N; At,3/7/2019 1:06:49 PM,,
46630,17-132578,1497630900000,2017,6,16,16,35,0,Friday,540027.47402,4810267.74926,-80.505341,43.44425,Non intersection,2,P.D. only,Thru lane,unknown,unknown,SMV unattended vehicle,Unknown,Daylight,01 - Daylight,Municipal (excl. Twp. Rd.),No control,unknown,0,0,0,False,False,False,Clear,,False,WEST AVE; WEST AVE,3/7/2019 1:06:48 PM,,
46631,17-133115,1497636000000,2017,6,16,18,0,0,Friday,542847.99338,4813074.88092,-80.470266,43.469369,Intersection related,2,P.D. only,Thru lane,unknown,unknown,Rear end,Unknown,Daylight,01 - Daylight,Regional municipality,Stop sign,Functioning,0,0,0,False,False,False,Clear,,False,GUELPH ST; RIVERBEND DR; At,3/7/2019 1:06:46 PM,,
46632,17-133358,1497727200000,2017,6,17,19,20,0,Saturday,544842.28151,4808247.356,-80.44600799999999,43.425785,At intersection,1,Non-fatal injury,Within intersection,unknown,unknown,Angle,Unknown,Daylight,01 - Daylight,Municipal (excl. Twp. Rd.),Stop sign,Functioning,0,0,0,False,False,False,Clear,,False,GREENFIELD AVE ; TRAYNOR AVE,3/7/2019 1:06:44 PM,,
46633,17-134494,1497802500000,2017,6,18,16,15,0,Sunday,537317.38615,4807463.36461,-80.539023,43.419138,Non intersection,2,P.D. only,Thru lane,unknown,unknown,Sideswipe,Unknown,Daylight,01 - Daylight,Municipal (excl. Twp. Rd.),No control,unknown,0,0,0,False,False,False,Clear,,False,DRIFTWOOD DR; DRIFTWOOD DR; Near,3/7/2019 1:06:43 PM,,
46634,17-134498,1497817800000,2017,6,18,20,30,0,Sunday,542478.07885,4807021.29897,-80.47531,43.414882999999996,At/near private drive,2,P.D. only,Right shoulder,unknown,unknown,SMV unattended vehicle,Unknown,Dark,07 - Dark,Municipal (excl. Twp. Rd.),No control,unknown,0,0,0,False,False,False,Clear,,False,CEDARHILL CRES; CEDARHILL CRES; At; 2 M,3/7/2019 1:06:42 PM,,
46635,17-134561,1497864480000,2017,6,19,9,28,0,Monday,539404.81908,4807758.28084,-80.513217,43.421687,Non intersection,1,Non-fatal injury,Not on roadway - right side,unknown,unknown,SMV other,Unknown,Daylight,01 - Daylight,Municipal (excl. Twp. Rd.),No control,unknown,0,0,0,False,False,False,Clear,,False,GREENBROOK DR; GREENBROOK DR ; At; 1 M,3/7/2019 1:06:40 PM,,
46636,17-134745,1497878760000,2017,6,19,13,26,0,Monday,537239.41086,4807342.29632,-80.53999499999999,43.418051999999996,Intersection related,2,P.D. only,Not on roadway - right side,unknown,unknown,SMV other,Unknown,Daylight,01 - Daylight,Municipal (excl. Twp. Rd.),No control,unknown,0,0,0,False,False,False,Clear,,False,MEADOW WOODS CRES ; DRIFTWOOD DR ; Near; 15 M,3/7/2019 1:06:39 PM,,
46637,17-135951,1497990480000,2017,6,20,20,28,0,Tuesday,541876.25242,4811809.05005,-80.482376,43.458026,At intersection,2,P.D. only,Within intersection,unknown,unknown,Turning movement,Unknown,Daylight,01 - Daylight,Municipal (excl. Twp. Rd.),Stop sign,Functioning,0,0,0,False,False,False,Clear,,False,QUEEN ST N; LANCASTER ST W,3/7/2019 1:06:37 PM,,
46638,17-136641,1498062600000,2017,6,21,16,30,0,Wednesday,545233.53347,4808099.59238,-80.441187,43.424431,Non intersection,2,P.D. only,Thru lane,unknown,unknown,SMV other,Unknown,Daylight,01 - Daylight,Municipal (excl. Twp. Rd.),No control,unknown,0,0,0,False,False,False,Clear,,False,KINGSWAY DR ; GREENFIELD AVE ; Near; 24 M,3/7/2019 1:06:36 PM,,
46639,17-136652,1498063200000,2017,6,21,16,40,0,Wednesday,544094.4046,4813211.2515,-80.454846,43.470524,At/near private drive,2,P.D. only,Thru lane,unknown,unknown,Turning movement,Unknown,Daylight,01 - Daylight,Municipal (excl. Twp. Rd.),Stop sign,Functioning,0,0,0,False,False,False,Clear,,False,BINGEMANS CENTRE DR; BINGEMANS CENTRE DR ; At; 4 M,3/7/2019 1:06:35 PM,,
46640,17-136662,1498059300000,2017,6,21,15,35,0,Wednesday,542107.46114,4807130.8063,-80.479879,43.41589,At intersection,2,P.D. only,Within intersection,unknown,unknown,Turning movement,Unknown,Daylight,01 - Daylight,Municipal (excl. Twp. Rd.),Traffic signal,Functioning,0,0,0,False,False,False,Clear,,False,BLOCK LINE RD; STRASBURG RD,3/7/2019 1:06:34 PM,,
46641,17-136761,1498060800000,2017,6,21,16,0,0,Wednesday,543360.72071,4807654.61977,-80.46435799999999,43.420535,At intersection,2,P.D. only,Within intersection,unknown,unknown,Turning movement,Unknown,Daylight,01 - Daylight,Regional municipality,Stop sign,Functioning,0,0,0,False,False,False,Clear,,False,BLOCK LINE RD; LENNOX LEWIS WAY,3/7/2019 1:06:33 PM,,
46642,17-137122,1498119360000,2017,6,22,8,16,0,Thursday,541068.0,4811108.0,0.0,0.0,Other,2,P.D. only,Off highway,unknown,unknown,SMV other,Unknown,Daylight,01 - Daylight,Private property,No control,unknown,0,0,0,False,False,False,Clear,,False,BUILDING LOT; WILLOWRUN DR,3/7/2019 1:06:32 PM,,
46643,17-137123,1498119000000,2017,6,22,8,10,0,Thursday,544448.6183,4810737.11976,-80.450668,43.448226,At/near private drive,2,P.D. only,Thru lane,unknown,unknown,Turning movement,Unknown,Daylight,01 - Daylight,Regional municipality,No control,unknown,0,0,0,False,False,False,Clear,,False,FRANKLIN ST N; FRANKLIN ST N; At,3/7/2019 1:06:31 PM,,
46644,17-137200,1498120200000,2017,6,22,8,30,0,Thursday,539772.60008,4805453.12267,-80.50884099999999,43.400912,Intersection related,1,Non-fatal injury,Thru lane,unknown,unknown,Angle,Unknown,Daylight,01 - Daylight,Municipal (excl. Twp. Rd.),Stop sign,Functioning,0,0,0,False,True,False,Clear,,False,DONNENWERTH DR ; PERIWINKLE ST ; At; 40 M,3/7/2019 1:06:30 PM,,
46645,17-137577,1498147200000,2017,6,22,16,0,0,Thursday,540535.26241,4811415.20645,-80.498981,43.454553999999995,At/near private drive,2,P.D. only,Thru lane,unknown,unknown,Other,Unknown,Daylight,01 - Daylight,Municipal (excl. Twp. Rd.),No control,unknown,0,0,0,False,False,False,Clear,,False,BREITHAUPT ST; BREITHAUPT ST,3/7/2019 1:06:29 PM,,
46646,17-137776,1498169880000,2017,6,22,22,18,0,Thursday,542313.34183,4810285.86289,-80.477092,43.444286999999996,At intersection,1,Non-fatal injury,Within intersection,unknown,unknown,Turning movement,Unknown,Dark,07 - Dark,Regional municipality,Traffic signal,Functioning,0,0,0,False,True,False,Clear,,False,KING ST E; STIRLING AVE N,3/7/2019 1:06:28 PM,,
46647,17-137959,1498203300000,2017,6,23,7,35,0,Friday,545855.75536,4807129.40009,-80.433582,43.415658,Intersection related,2,P.D. only,Thru lane,unknown,unknown,Other,Unknown,Daylight,01 - Daylight,Municipal (excl. Twp. Rd.),Stop sign,Functioning,0,0,0,False,False,False,Rain,,False,WABANAKI DR; GOODRICH DR,3/7/2019 1:06:27 PM,,
46648,17-138199,1498215600000,2017,6,23,11,0,0,Friday,540270.1577,4810714.09249,-80.502309,43.448254999999996,At/near private drive,2,P.D. only,Thru lane,unknown,unknown,Rear end,Unknown,Daylight,01 - Daylight,Regional municipality,No control,unknown,0,0,0,False,False,False,Clear,,False,PARK ST; BRAMM ST,3/7/2019 1:06:26 PM,,
46649,17-138653,1498262100000,2017,6,23,23,55,0,Friday,545780.4907,4809828.62186,-80.434285,43.439966,Non intersection,1,Non-fatal injury,Off highway,unknown,unknown,SMV other,Unknown,"Dark, artificial","08 - Dark, artificial",Regional municipality,No control,unknown,0,0,0,False,False,False,Clear,,False,RIVER RD E; OLD CHICOPEE DR ; 100 M,3/7/2019 1:06:25 PM,,
46650,17-140625,1498473000000,2017,6,26,10,30,0,Monday,541851.9946,4810041.80254,-80.482812,43.442115,Non intersection,2,P.D. only,Thru lane,unknown,unknown,Sideswipe,Unknown,Daylight,01 - Daylight,Municipal (excl. Twp. Rd.),No control,unknown,0,0,0,False,False,False,Clear,,False,STIRLING AVE S; STIRLING AVE S; Near,3/7/2019 1:06:24 PM,,
46651,17-140720,1498481100000,2017,6,26,12,45,0,Monday,539043.26184,4811197.53535,-80.517437,43.452673,Intersection related,2,P.D. only,Thru lane,unknown,unknown,Turning movement,Unknown,Daylight,01 - Daylight,Municipal (excl. Twp. Rd.),Stop sign,Functioning,0,0,0,False,False,False,Clear,,False,BELMONT AVE W; ROCK AVE; At,3/7/2019 1:06:22 PM,,
46652,17-140802,1498489200000,2017,6,26,15,0,0,Monday,544718.90234,4810542.49901,-80.447344,43.446458,At/near private drive,2,P.D. only,Off highway,unknown,unknown,SMV other,Unknown,Daylight,01 - Daylight,Municipal (excl. Twp. Rd.),No control,unknown,0,0,0,False,False,False,Clear,,False,ASKIN PL; ASKIN PL ; At; 2 M,3/7/2019 1:06:21 PM,,
46653,17-140991,1498486500000,2017,6,26,14,15,0,Monday,543598.14905,4808403.15319,-80.461365,43.427261,Intersection related,2,P.D. only,Thru lane,unknown,unknown,Turning movement,Unknown,Daylight,01 - Daylight,Municipal (excl. Twp. Rd.),Stop sign,Functioning,0,0,0,False,False,False,Clear,,False,MASSEY AVE; BONIFACE AVE; At,3/7/2019 1:06:20 PM,,
46654,17-141366,1498557840000,2017,6,27,10,4,0,Tuesday,543086.67941,4807454.79435,-80.467759,43.418752,At intersection,2,P.D. only,Within intersection,unknown,unknown,Rear end,Unknown,Daylight,01 - Daylight,Municipal (excl. Twp. Rd.),Yield sign,Functioning,0,0,0,False,False,False,Rain,,False,FALLOWFIELD DR; BLOCK LINE RD,3/7/2019 1:06:19 PM,,
46655,17-141540,1498572420000,2017,6,27,14,7,0,Tuesday,546774.70395,4804112.16399,-80.422489,43.388434,At intersection,1,Non-fatal injury,Within intersection,unknown,unknown,Angle,Unknown,Daylight,01 - Daylight,Municipal (excl. Twp. Rd.),Stop sign,Functioning,0,0,0,False,True,False,Clear,,False,DOON VILLAGE RD; DOON SOUTH DR,3/7/2019 1:06:18 PM,,
46656,17-141586,1498497000000,2017,6,26,17,10,0,Monday,539832.02209,4811141.70965,-80.507693,43.452129,Intersection related,2,P.D. only,Thru lane,unknown,unknown,Rear end,Unknown,Daylight,01 - Daylight,Municipal (excl. Twp. Rd.),Traffic signal,Functioning,0,0,0,False,False,False,Clear,,False,PARK ST; DOMINION ST ; Near; 85 M,3/7/2019 1:06:17 PM,,
46657,17-141709,1498587000000,2017,6,27,18,10,0,Tuesday,545545.28402,4805410.10229,-80.43755999999999,43.400196,Non intersection,2,P.D. only,Thru lane,unknown,unknown,SMV other,Unknown,Daylight,01 - Daylight,Municipal (excl. Twp. Rd.),No control,unknown,0,0,0,False,False,False,Clear,,False,HURON RD; HURON RD ; 10 M,3/7/2019 1:06:16 PM,,
46658,17-142029,1498634640000,2017,6,28,7,24,0,Wednesday,541139.96787,4806763.50162,-80.491857,43.412637,At intersection,2,P.D. only,Within intersection,unknown,unknown,SMV other,Unknown,Daylight,01 - Daylight,Regional municipality,Stop sign,Functioning,0,0,0,False,False,False,Clear,,False,BLOCK LINE RD; LAURENTIAN DR; 3 M,3/7/2019 1:06:15 PM,,
46659,17-142207,1498642200000,2017,6,28,9,30,0,Wednesday,541372.29511,4812798.22273,-80.48853,43.466961,At/near private drive,2,Non-reportable,Thru lane,unknown,unknown,Other,Unknown,Daylight,01 - Daylight,Municipal (excl. Twp. Rd.),No control,unknown,0,0,0,False,False,False,Clear,,False,EDWIN ST; EDWIN ST,3/7/2019 1:06:14 PM,,
46660,17-142532,1498672500000,2017,6,28,17,55,0,Wednesday,539111.85757,4811656.15344,-80.516556,43.456799,At intersection,2,P.D. only,Within intersection,unknown,unknown,Sideswipe,Unknown,Daylight,01 - Daylight,Municipal (excl. Twp. Rd.),Traffic signal,Functioning,0,0,0,False,False,False,Clear,,False,PARK ST; UNION BLVD,3/7/2019 1:06:12 PM,,
46661,17-143275,1498741200000,2017,6,29,13,0,0,Thursday,540921.38573,4810570.26492,-80.494272,43.446925,Intersection related,2,P.D. only,Thru lane,unknown,unknown,Rear end,Unknown,Daylight,01 - Daylight,Municipal (excl. Twp. Rd.),Stop sign,Functioning,0,0,0,False,False,False,Rain,,False,JUBILEE DR; DAVID ST; Near,3/7/2019 1:06:11 PM,,
46662,17-144022,1498829640000,2017,6,30,13,34,0,Friday,544311.68256,4808987.81058,-80.452503,43.432483999999995,Non intersection,2,P.D. only,Thru lane,unknown,unknown,Other,Unknown,Daylight,01 - Daylight,Municipal (excl. Twp. Rd.),No control,unknown,0,0,0,False,False,False,Clear,,False,FIFTH AVE; CONNAUGHT ST ; Near; 200 M,3/7/2019 1:06:10 PM,,
46663,17-144116,1498835640000,2017,6,30,15,14,0,Friday,544448.47295,4811317.7288,-80.450623,43.453454,Non intersection,2,P.D. only,Thru lane,unknown,unknown,Rear end,Unknown,Daylight,01 - Daylight,Municipal (excl. Twp. Rd.),No control,unknown,0,0,0,False,False,False,Clear,,False,HICKSON DR; HALLIWELL DR ; Near; 50 M,3/7/2019 1:06:09 PM,,
46664,17-144308,1498845600000,2017,6,30,18,0,0,Friday,540115.55876,4810838.69444,-80.504211,43.449386,At/near private drive,2,P.D. only,Not on roadway - right side,unknown,unknown,SMV other,Unknown,Daylight,01 - Daylight,Municipal (excl. Twp. Rd.),Stop sign,Functioning,0,0,0,False,False,False,Clear,,False,PARK ST; PARK ST ; At; 1 M,3/7/2019 1:06:08 PM,,