OBJECTID,ACCIDENTNUM,ACCIDENTDATE,ACCIDENT_YEAR,ACCIDENT_MONTH,ACCIDENT_DAY,ACCIDENT_HOUR,ACCIDENT_MINUTE,ACCIDENT_SECOND,ACCIDENT_WEEKDAY,XCOORD,YCOORD,LONGITUDE,LATITUDE,ACCIDENTLOCATION,COLLISIONTYPE,CLASSIFICATIONOFACCIDENT,IMPACTLOCATION,INITIALDIRECTIONOFTRAVELONE,INITIALDIRECTIONOFTRAVELTWO,INITIALIMPACTTYPE,INTTRAFFICCONTROL,LIGHT,LIGHTFORREPORT,ROADJURISDICTION,TRAFFICCONTROL,TRAFFICCONTROLCONDITION,THRULANENO,NORTHBOUNDDISOBEYCOUNT,SOUTHBOUNDDISOBEYCOUNT,PEDESTRIANINVOLVED,CYCLISTINVOLVED,MOTORCYCLISTINVOLVED,ENVIRONMENTCONDITION1,ENVIRONMENTCONDITION2,SELFREPORTED,XMLIMPORTNOTES,LASTEDITEDDATE,CREATE_BY,CREATE_DATE
46874,17-208356,1505386800000,2017,9,14,11,0,0,Thursday,544631.92994,4811997.29593,-80.4483,43.459562,Intersection related,2,P.D. only,Not on roadway - right side,unknown,unknown,SMV other,Unknown,Daylight,01 - Daylight,Municipal (excl. Twp. Rd.),Stop sign,Functioning,0,0,0,False,False,False,Clear,,False,CARSON DR ; STRATHCONA CRES ; Near; 6 M,3/7/2019 1:02:01 PM,,
46875,17-208358,1505553000000,2017,9,16,9,10,0,Saturday,542499.84882,4816064.96871,-80.474336,43.496311,At/near private drive,1,Non-fatal injury,Thru lane,unknown,unknown,Other,Unknown,Daylight,01 - Daylight,Municipal (excl. Twp. Rd.),No control,unknown,0,0,0,False,False,False,Clear,,False,COOPERSHAWK ST; COOPERSHAWK ST ; At; 2 M,3/7/2019 1:01:59 PM,,
46876,17-208455,1505528400000,2017,9,16,2,20,0,Saturday,540348.0662,4809505.85308,-80.501436,43.437371999999996,Non intersection,2,P.D. only,Off highway,unknown,unknown,SMV other,Unknown,Dark,07 - Dark,Regional municipality,No control,unknown,0,0,0,False,False,False,Clear,,False,QUEENS BLVD ; BARCLAY AVE ; Near; 5 M,1/30/2020 12:00:03 PM,,
46877,17-208581,1505567400000,2017,9,16,13,10,0,Saturday,544612.94708,4810391.14677,-80.448666,43.445101,At intersection,2,P.D. only,Within intersection,unknown,unknown,Turning movement,Unknown,Daylight,01 - Daylight,Municipal (excl. Twp. Rd.),Stop sign,Functioning,0,0,0,False,False,False,Clear,,False,FRANKLIN ST N; BRADLEY DR,3/7/2019 1:01:58 PM,,
46878,17-208619,1505564160000,2017,9,16,12,16,0,Saturday,543302.94692,4807366.92803,-80.465094,43.417947999999996,At/near private drive,2,P.D. only,Thru lane,unknown,unknown,Rear end,Unknown,Daylight,01 - Daylight,Municipal (excl. Twp. Rd.),No control,unknown,0,0,0,False,False,False,Clear,,False,FALLOWFIELD DR; FALLOWFIELD DR; At; 10 M,3/7/2019 1:01:57 PM,,
46879,17-208995,1505601000000,2017,9,16,22,30,0,Saturday,542394.33339,4811985.36524,-80.475959,43.459585,Non intersection,2,P.D. only,Not on roadway - right side,unknown,unknown,SMV other,Unknown,Dark,07 - Dark,Regional municipality,No control,unknown,0,0,0,False,False,False,Clear,,False,INDIANA ST; INDIANA ST ; At; 2 M,3/7/2019 1:01:55 PM,,
46880,17-209384,1505647320000,2017,9,17,11,22,0,Sunday,539315.49517,4810613.25965,-80.51411499999999,43.447398,At intersection,1,Non-fatal injury,Within intersection,unknown,unknown,Angle,Unknown,Daylight,01 - Daylight,Municipal (excl. Twp. Rd.),Traffic signal,Functioning,0,1,0,False,False,False,Clear,,False,BELMONT AVE W; GAGE AVE,3/7/2019 1:01:54 PM,,
46881,17-209415,1505566800000,2017,9,16,13,0,0,Saturday,539930.44385,4811036.70277,-80.506484,43.451178,At/near private drive,2,P.D. only,Left turn lane,unknown,unknown,Other,Unknown,Daylight,01 - Daylight,Regional municipality,No control,unknown,0,0,0,False,False,False,Clear,,False,PARK ST; PARK ST,3/7/2019 1:01:53 PM,,
46882,17-209452,1505652780000,2017,9,17,12,53,0,Sunday,539406.57204,4809879.30956,-80.513042,43.440785,At intersection,2,P.D. only,Within intersection,unknown,unknown,Turning movement,Unknown,Daylight,01 - Daylight,Municipal (excl. Twp. Rd.),Stop sign,Functioning,0,0,0,False,False,False,Clear,,False,LAWRENCE AVE ; PAULANDER DR,3/7/2019 1:01:52 PM,,
46883,17-209491,1505493000000,2017,9,15,16,30,0,Friday,546062.12382,4810440.08987,-80.430753,43.445454,Non intersection,2,P.D. only,Thru lane,unknown,unknown,SMV unattended vehicle,Unknown,Daylight,01 - Daylight,Municipal (excl. Twp. Rd.),No control,unknown,0,0,0,False,False,False,Clear,,False,HUNTINGDALE DR; HUNTINGDALE DR; At,3/7/2019 1:01:50 PM,,
46884,17-210049,1505637000000,2017,9,17,8,30,0,Sunday,541629.73892,4803828.25029,-80.486032,43.386179999999996,At/near private drive,2,P.D. only,Thru lane,unknown,unknown,SMV unattended vehicle,Unknown,Daylight,01 - Daylight,Municipal (excl. Twp. Rd.),No control,unknown,0,0,0,False,False,False,Clear,,False,SOPHIA CRES ; SOPHIA CRES ; Near; 4 M,3/7/2019 1:01:48 PM,,
46885,17-210073,1505721600000,2017,9,18,8,0,0,Monday,536343.12954,4809704.96913,-80.55090899999999,43.43937,Non intersection,2,P.D. only,Thru lane,unknown,unknown,SMV unattended vehicle,Unknown,Daylight,01 - Daylight,Municipal (excl. Twp. Rd.),No control,unknown,0,0,0,False,False,False,Clear,,False,NORTHMANOR CRES; NORTHMANOR CRES ; Near; 50 M,3/7/2019 1:01:47 PM,,
46886,17-210143,1505731500000,2017,9,18,10,45,0,Monday,540850.88991,4807138.83993,-80.4954,43.416032,Non intersection,2,P.D. only,Thru lane,unknown,unknown,SMV unattended vehicle,Unknown,Daylight,01 - Daylight,Municipal (excl. Twp. Rd.),No control,unknown,0,0,0,False,False,False,Clear,,False,DUNSMERE DR; GREENOCK DR ; Near; 75 M,3/7/2019 1:01:46 PM,,
46887,17-210457,1505710800000,2017,9,18,5,0,0,Monday,538824.90357,4809875.70783,-80.52023,43.440782999999996,Non intersection,2,P.D. only,Thru lane,unknown,unknown,SMV unattended vehicle,Unknown,"Dark, artificial","08 - Dark, artificial",Regional municipality,No control,unknown,0,0,0,False,False,False,Clear,,False,WEICHEL ST ; WEICHEL ST ; Near,3/7/2019 1:01:45 PM,,
46888,17-210570,1505757600000,2017,9,18,18,0,0,Monday,541503.91242,4810531.61789,-80.487076,43.446545,At/near private drive,2,P.D. only,Thru lane,unknown,unknown,SMV unattended vehicle,Unknown,Daylight,01 - Daylight,Municipal (excl. Twp. Rd.),No control,unknown,0,0,0,False,False,False,Clear,,False,CHURCH ST; CHURCH ST ; At; 4 M,3/7/2019 1:01:44 PM,,
46889,17-210672,1505767380000,2017,9,18,20,43,0,Monday,544067.91086,4808220.07944,-80.45557699999999,43.425585,Non intersection,1,Non-fatal injury,Left shoulder,unknown,unknown,SMV other,Unknown,Dark,07 - Dark,Municipal (excl. Twp. Rd.),No control,unknown,0,0,0,False,False,False,Clear,,False,HARBER AVE; BYRON AVE ; At; 10 M,3/7/2019 1:01:42 PM,,
46890,17-211081,1505756700000,2017,9,18,17,45,0,Monday,542260.54934,4809643.90525,-80.477794,43.43851,At/near private drive,2,P.D. only,Right shoulder,unknown,unknown,SMV unattended vehicle,Unknown,Daylight,01 - Daylight,Municipal (excl. Twp. Rd.),No control,unknown,0,0,0,False,False,False,Clear,,False,BEDFORD RD; BEDFORD RD,3/7/2019 1:01:40 PM,,
46891,17-211134,1505824320000,2017,9,19,12,32,0,Tuesday,543204.48418,4805547.11488,-80.466454,43.401568,At intersection,2,P.D. only,Within intersection,unknown,unknown,Turning movement,Unknown,Daylight,01 - Daylight,Municipal (excl. Twp. Rd.),Stop sign,Functioning,0,0,0,False,False,False,Clear,,False,TRILLIUM DR; SHOEMAKER ST,3/7/2019 1:01:39 PM,,
46892,17-211773,1505846100000,2017,9,19,18,35,0,Tuesday,540921.81376,4810569.58178,-80.494267,43.446919,At intersection,2,P.D. only,Within intersection,unknown,unknown,Turning movement,Unknown,"Dusk, artificial","06 - Dusk, artificial",Municipal (excl. Twp. Rd.),Stop sign,Functioning,0,0,0,False,False,False,Clear,,False,COURTLAND AVE W; DAVID ST,3/7/2019 1:01:37 PM,,
46893,17-211964,1505897700000,2017,9,20,8,55,0,Wednesday,537962.84777,4807733.33255,-80.531031,43.421537,At/near private drive,2,P.D. only,Thru lane,unknown,unknown,Other,Unknown,Daylight,01 - Daylight,Municipal (excl. Twp. Rd.),No control,unknown,0,0,0,False,False,False,Clear,,False,AUTUMN HILL CRES ; AUTUMN HILL CRES ; 0 K,3/7/2019 1:01:35 PM,,
46894,17-212004,1505901480000,2017,9,20,9,58,0,Wednesday,544234.27511,4808392.64156,-80.453507,43.427129,Non intersection,2,P.D. only,Thru lane,unknown,unknown,Sideswipe,Unknown,Daylight,01 - Daylight,Regional municipality,No control,unknown,0,0,0,False,False,False,Clear,,False,WILSON AVE; WILSON AVE ; Near,3/7/2019 1:01:34 PM,,
46895,17-212031,1505840100000,2017,9,19,16,55,0,Tuesday,546447.0414,4809739.70988,-80.426056,43.439124,At/near private drive,2,Non-reportable,Right shoulder,unknown,unknown,Other,Unknown,Daylight,01 - Daylight,Municipal (excl. Twp. Rd.),No control,unknown,0,0,0,False,False,False,Rain,,False,OLD CHICOPEE TRAIL; OLD CHICOPEE TRAIL; Near,3/7/2019 1:01:33 PM,,
46896,17-212323,1505921400000,2017,9,20,15,30,0,Wednesday,545534.36079,4811220.15015,-80.43721,43.45251,Non intersection,2,P.D. only,Thru lane,unknown,unknown,SMV unattended vehicle,Unknown,Daylight,01 - Daylight,Municipal (excl. Twp. Rd.),No control,unknown,0,0,0,False,False,False,Clear,,False,CARNABY CRES; CARNABY CRES,3/7/2019 1:01:31 PM,,
46897,17-213257,1506007200000,2017,9,21,15,20,0,Thursday,546135.58092,4811400.9505,-80.42976399999999,43.454101,Non intersection,2,P.D. only,Thru lane,unknown,unknown,SMV unattended vehicle,Unknown,Daylight,01 - Daylight,Municipal (excl. Twp. Rd.),No control,unknown,0,0,0,False,False,False,Clear,,False,MCGIBBON CRT; MCGIBBON CRT,3/7/2019 1:01:30 PM,,
46898,17-213388,1506011100000,2017,9,21,16,25,0,Thursday,541786.29773,4807670.33961,-80.48380499999999,43.420766,At/near private drive,2,Non-reportable,Thru lane,unknown,unknown,Other,Unknown,Daylight,01 - Daylight,Municipal (excl. Twp. Rd.),No control,unknown,0,0,0,False,False,False,Clear,,False,LUCERNE DR; LUCERNE DR ; At,3/7/2019 1:01:29 PM,,
46899,17-213838,1506038460000,2017,9,22,0,1,0,Friday,546308.13088,4809063.80674,-80.42783,43.433046999999995,Non intersection,2,P.D. only,Thru lane,unknown,unknown,SMV unattended vehicle,Unknown,Dark,07 - Dark,Regional municipality,No control,unknown,0,0,0,False,False,False,Clear,,False,CHICOPEE PARK CRT; CHICOPEE PARK CRT; Near,3/7/2019 1:01:28 PM,,
46900,17-214663,1506131940000,2017,9,23,1,59,0,Saturday,541272.82979,4811024.29229,-80.48989399999999,43.450994,Non intersection,2,P.D. only,Not on roadway - left side,unknown,unknown,SMV other,Unknown,Dark,07 - Dark,Municipal (excl. Twp. Rd.),No control,unknown,0,0,0,False,False,False,Clear,,False,ONTARIO ST N; ONTARIO ST N; At; 1 M,3/7/2019 1:01:27 PM,,
46901,17-214889,1506163980000,2017,9,23,10,53,0,Saturday,542397.4757,4811081.55468,-80.47599,43.451446999999995,At intersection,1,Non-fatal injury,Within intersection,unknown,unknown,Angle,Unknown,Daylight,01 - Daylight,Municipal (excl. Twp. Rd.),Stop sign,Functioning,0,0,0,False,False,False,Clear,,False,KRUG ST ; SIMEON ST,3/7/2019 1:01:26 PM,,
46902,17-214940,1506093420000,2017,9,22,15,17,0,Friday,544950.80136,4807689.93429,-80.444713,43.42076,At/near private drive,2,P.D. only,Thru lane,unknown,unknown,Turning movement,Unknown,Daylight,01 - Daylight,Regional municipality,No control,unknown,0,0,0,False,False,False,Clear,,False,WILSON AVE; FAIRWAY RD S; At,3/7/2019 1:01:25 PM,,
46903,17-214974,1506171120000,2017,9,23,12,52,0,Saturday,537068.57813,4807991.05234,-80.54206099999999,43.423902,At/near private drive,2,P.D. only,Thru lane,unknown,unknown,SMV unattended vehicle,Unknown,Daylight,01 - Daylight,Municipal (excl. Twp. Rd.),No control,unknown,0,0,0,False,False,False,Clear,,False,SUMMERHILL CRES; WEST ACRES CRES ; Near; 400 M,3/7/2019 1:01:24 PM,,
46904,17-214991,1506173400000,2017,9,23,13,30,0,Saturday,539056.40566,4806654.6492,-80.5176,43.411767999999995,At/near private drive,2,P.D. only,Thru lane,unknown,unknown,SMV unattended vehicle,Unknown,Daylight,01 - Daylight,Municipal (excl. Twp. Rd.),No control,unknown,0,0,0,False,False,False,Clear,,False,WATERCRESS CRT ; WATERCRESS CRT; At; 1 M,3/7/2019 1:01:23 PM,,
46905,17-215086,1506179940000,2017,9,23,15,19,0,Saturday,542390.42456,4812888.52412,-80.475937,43.467717,Other,2,P.D. only,Off highway,unknown,unknown,SMV other,Unknown,Daylight,01 - Daylight,Private property,No control,unknown,0,0,0,False,False,False,Clear,,False,DRIVEWAY;  GUELPH ST,3/7/2019 1:01:21 PM,,
46906,17-215150,1506185580000,2017,9,23,16,53,0,Saturday,545214.84866,4810451.21722,-80.441223,43.445606,Intersection related,2,P.D. only,Thru lane,unknown,unknown,Other,Unknown,Daylight,01 - Daylight,Municipal (excl. Twp. Rd.),Stop sign,Functioning,0,0,0,False,False,False,Clear,,False,BRADLEY DR ; RIVER RD E; Near; 10 M,3/7/2019 1:01:20 PM,,
46907,17-215216,1506190140000,2017,9,23,18,9,0,Saturday,545748.01881,4809201.64738,-80.434739,43.434323,At intersection,1,Non-fatal injury,Within intersection,unknown,unknown,Turning movement,Unknown,Daylight,01 - Daylight,Municipal (excl. Twp. Rd.),Stop sign,Functioning,0,0,0,False,True,False,Clear,,False,KINZIE AVE; OBERMEYER DR,3/7/2019 1:01:19 PM,,
46908,17-216379,1506323520000,2017,9,25,7,12,0,Monday,543952.96473,4807456.7852,-80.45705799999999,43.418718999999996,Other,2,P.D. only,Off highway,unknown,unknown,SMV other,Unknown,Daylight,01 - Daylight,Private property,No control,unknown,0,0,0,False,False,False,Clear,,False,CN RAIL TRACKS; BALZER RD ; Near; 200 M,3/7/2019 1:01:18 PM,,
46909,17-216445,1506329880000,2017,9,25,8,58,0,Monday,539831.28498,4807607.27448,-80.50796,43.420305,Non intersection,2,P.D. only,Thru lane,unknown,unknown,SMV unattended vehicle,Unknown,Daylight,01 - Daylight,Municipal (excl. Twp. Rd.),No control,unknown,0,0,0,False,False,False,Clear,,False,WINDALE CRES; WINDALE CRES ; 6 M,3/7/2019 1:01:16 PM,,
46910,17-216852,1506353400000,2017,9,25,15,30,0,Monday,541306.76904,4811424.54456,-80.489445,43.454595999999995,At intersection,1,Non-fatal injury,Within intersection,unknown,unknown,Angle,Unknown,Daylight,01 - Daylight,Municipal (excl. Twp. Rd.),Stop sign,Functioning,0,0,0,False,True,False,Clear,,False,AHRENS ST W; YOUNG ST,3/7/2019 1:01:15 PM,,
46911,17-216890,1506361080000,2017,9,25,17,38,0,Monday,546147.97508,4813523.27274,-80.429431,43.473209999999995,At/near private drive,2,P.D. only,Thru lane,unknown,unknown,Turning movement,Unknown,Daylight,01 - Daylight,Municipal (excl. Twp. Rd.),No control,unknown,0,0,0,False,False,False,Clear,,False,CENTENNIAL RD; CENTENNIAL RD ; Near; 5 M,3/7/2019 1:01:14 PM,,
46912,17-216948,1506326700000,2017,9,25,8,5,0,Monday,539361.12189,4811292.87358,-80.513502,43.453514999999996,At/near private drive,2,P.D. only,Right shoulder,unknown,unknown,Other,Unknown,Dawn,03 - Dawn,Municipal (excl. Twp. Rd.),No control,unknown,0,0,0,False,False,False,Clear,,False,YORK ST; Near,3/7/2019 1:01:12 PM,,
46913,17-216963,1506367800000,2017,9,25,19,30,0,Monday,537809.40044,4810490.1425,-80.532736,43.446366999999995,Non intersection,2,P.D. only,Left shoulder,unknown,unknown,SMV other,Unknown,Daylight,01 - Daylight,Regional municipality,No control,unknown,0,0,0,False,False,False,Clear,,False,GLASGOW ST; KNELL DR; Near; 30 M,3/7/2019 1:01:11 PM,,
46914,17-217310,1506323400000,2017,9,25,7,10,0,Monday,547765.80725,4805957.77705,-80.41009199999999,43.404989,Non intersection,2,P.D. only,Thru lane,unknown,unknown,SMV unattended vehicle,Unknown,Daylight,01 - Daylight,Municipal (excl. Twp. Rd.),No control,unknown,0,0,0,False,False,False,Clear,,False,FALL HARVEST DR; FALL HARVEST DR ; At,3/7/2019 1:01:10 PM,,
46915,17-217634,1506353280000,2017,9,25,15,28,0,Monday,541068.0,4811108.0,0.0,0.0,At/near private drive,2,P.D. only,Thru lane,unknown,unknown,Other,Unknown,Daylight,01 - Daylight,Municipal (excl. Twp. Rd.),No control,unknown,0,0,0,False,False,False,Clear,,False,VALLEYSCAPE DR; VALLEYSCAPE DR; At,3/7/2019 1:01:09 PM,,
46916,17-217648,1506437520000,2017,9,26,14,52,0,Tuesday,539870.05081,4810630.95652,-80.50726,43.447528,Intersection related,2,P.D. only,Not on roadway - left side,unknown,unknown,SMV other,Unknown,Daylight,01 - Daylight,Municipal (excl. Twp. Rd.),Stop sign,Functioning,0,0,0,False,False,False,Clear,,False,CHERRY ST; STRANGE ST; At,3/7/2019 1:01:08 PM,,
46917,17-217699,1506441540000,2017,9,26,15,59,0,Tuesday,542898.34998,4813016.77055,-80.46964799999999,43.468843,At/near private drive,2,P.D. only,Thru lane,unknown,unknown,Turning movement,Unknown,Daylight,01 - Daylight,Municipal (excl. Twp. Rd.),No control,unknown,0,0,0,False,False,False,Clear,,False,RIVERBEND DR; RIVERBEND DR ; Near; 5 M,3/7/2019 1:01:07 PM,,
46918,17-217731,1506443640000,2017,9,26,16,34,0,Tuesday,544282.6034,4808357.4924,-80.452913,43.426809999999996,Intersection related,2,P.D. only,Thru lane,unknown,unknown,Sideswipe,Unknown,Daylight,01 - Daylight,Regional municipality,Stop sign,Functioning,0,0,0,False,False,False,Clear,,False,WILSON AVE; FRANKLIN ST S; Near; 8 M,3/7/2019 1:01:06 PM,,
46919,17-217838,1506443400000,2017,9,26,16,30,0,Tuesday,539504.85742,4810143.11479,-80.511808,43.443155,Non intersection,1,Non-fatal injury,Thru lane,unknown,unknown,Rear end,Unknown,Daylight,01 - Daylight,Regional municipality,Traffic signal,Functioning,0,0,0,False,False,False,Clear,,False,BELMONT AVE W; BELMONT AVE W; Near,3/7/2019 1:01:05 PM,,
46920,17-217955,1506462060000,2017,9,26,21,41,0,Tuesday,544886.02827,4804849.29492,-80.445747,43.395185999999995,At intersection,2,P.D. only,Within intersection,unknown,unknown,Angle,Unknown,"Daylight, artificial","02 - Daylight, artificial",Municipal (excl. Twp. Rd.),Traffic signal,Functioning,0,0,0,False,False,False,Clear,,False,PIONEER DR; DOON VILLAGE RD,3/7/2019 1:01:04 PM,,
46921,17-219078,1506585360000,2017,9,28,7,56,0,Thursday,547772.13133,4804357.41669,-80.410153,43.390578999999995,Non intersection,2,P.D. only,Thru lane,unknown,unknown,Rear end,Unknown,Daylight,01 - Daylight,Regional municipality,No control,unknown,0,0,0,False,False,False,Clear,,False,CONESTOGA COLLEGE BLVD ; DOON VALLEY DR ; 30 M,3/7/2019 1:01:02 PM,,
46922,17-219107,1506588300000,2017,9,28,8,45,0,Thursday,547643.47989,4804668.88115,-80.411715,43.393392,At intersection,2,P.D. only,Within intersection,unknown,unknown,Turning movement,Unknown,Daylight,01 - Daylight,Municipal (excl. Twp. Rd.),Stop sign,Functioning,0,0,0,False,False,False,Clear,,False,OLD MILL RD; SYDENHAM ST,3/7/2019 1:01:01 PM,,
46923,17-219226,1506598380000,2017,9,28,11,33,0,Thursday,541068.0,4811108.0,0.0,0.0,Other,2,P.D. only,Off highway,unknown,unknown,SMV unattended vehicle,Unknown,Daylight,01 - Daylight,Private property,No control,unknown,0,0,0,False,False,False,Clear,,False,SCENIC WOOD CRES; SCENIC WOOD CRES,3/7/2019 1:01:00 PM,,
46924,17-219292,1506591000000,2017,9,28,9,30,0,Thursday,545157.20139,4807239.78587,-80.442201,43.416694,At intersection,2,P.D. only,Within intersection,unknown,unknown,Turning movement,Stop sign,Daylight,01 - Daylight,Municipal (excl. Twp. Rd.),Stop sign,Functioning,0,0,0,False,False,False,Clear,,False,WILSON AVE; WEBSTER RD,3/7/2019 1:00:59 PM,,
46925,17-219491,1506591900000,2017,9,28,9,45,0,Thursday,541709.29913,4810982.16446,-80.48450299999999,43.45059,Non intersection,2,P.D. only,Thru lane,unknown,unknown,Other,Unknown,Daylight,01 - Daylight,Municipal (excl. Twp. Rd.),No control,unknown,0,0,0,False,False,False,Clear,,False,SCOTT ST; WEBER ST E; Near,3/7/2019 1:00:58 PM,,
46926,17-219590,1506597600000,2017,9,28,11,20,0,Thursday,540030.77816,4811452.91167,-80.505213,43.454921,At/near private drive,2,P.D. only,Thru lane,unknown,unknown,Other,Unknown,Daylight,01 - Daylight,Municipal (excl. Twp. Rd.),No control,unknown,0,0,0,False,False,False,Clear,,False,AGNES ST; AGNES ST,3/7/2019 1:00:57 PM,,
46927,17-219942,1506673440000,2017,9,29,8,24,0,Friday,539085.51689,4811595.78874,-80.516886,43.456257,At intersection,2,P.D. only,Within intersection,unknown,unknown,Turning movement,Unknown,Daylight,01 - Daylight,Regional municipality,Stop sign,Functioning,0,0,0,False,False,False,Rain,,False,UNION BLVD; YORK ST; 0 M,3/7/2019 1:00:56 PM,,
46928,17-219973,1506675720000,2017,9,29,9,2,0,Friday,545759.50996,4803959.39857,-80.435036,43.387121,Intersection related,2,P.D. only,Thru lane,unknown,unknown,Rear end,Unknown,Dawn,03 - Dawn,Municipal (excl. Twp. Rd.),Stop sign,Functioning,0,0,0,False,False,False,Rain,,False,APPLE RIDGE DR; DOON MILLS DR; At,3/7/2019 1:00:55 PM,,
46929,17-220159,1506693300000,2017,9,29,13,55,0,Friday,541875.8766,4811808.22343,-80.48238099999999,43.458019,At intersection,2,P.D. only,Within intersection,unknown,unknown,Turning movement,Unknown,Daylight,01 - Daylight,Municipal (excl. Twp. Rd.),Stop sign,Functioning,0,0,0,False,False,False,Rain,,False,LANCASTER ST E; QUEEN ST N,3/7/2019 1:00:53 PM,,
46930,17-220320,1506704460000,2017,9,29,17,1,0,Friday,542710.25328,4811105.64261,-80.472123,43.451646,At intersection,1,Non-fatal injury,Within intersection,unknown,unknown,SMV other,Unknown,Daylight,01 - Daylight,Municipal (excl. Twp. Rd.),Stop sign,Functioning,0,1,0,True,False,False,Clear,,False,EAST AVE; GLENDALE RD,3/7/2019 1:00:52 PM,,
46931,17-220327,1506690000000,2017,9,29,13,0,0,Friday,544836.7979,4809345.41683,-80.445985,43.435672,Non intersection,2,P.D. only,Right shoulder,unknown,unknown,SMV unattended vehicle,Unknown,Daylight,01 - Daylight,Municipal (excl. Twp. Rd.),No control,unknown,0,0,0,False,False,False,Clear,,False,PINECREST DR; PINECREST DR,3/7/2019 1:00:51 PM,,
46932,17-220873,1506708000000,2017,9,29,18,0,0,Friday,546062.97744,4809493.93018,-80.43082299999999,43.436935,Non intersection,2,P.D. only,Thru lane,unknown,unknown,Sideswipe,Unknown,Daylight,01 - Daylight,Regional municipality,No control,unknown,0,0,0,False,False,False,Clear,,False,RIVER RD E; KINZIE AVE; Near,3/7/2019 1:00:50 PM,,
46933,17-221015,1506770760000,2017,9,30,11,26,0,Saturday,541652.22131,4809999.35829,-80.485284,43.441744,Non intersection,1,Non-fatal injury,Not on roadway - right side,unknown,unknown,SMV other,Unknown,Daylight,01 - Daylight,Municipal (excl. Twp. Rd.),No control,unknown,0,0,0,False,False,True,Clear,,False,STIRLING AVE S; COURTLAND AVE E; Near; 50 M,3/7/2019 1:00:49 PM,,
46934,17-221046,1506769800000,2017,9,30,11,10,0,Saturday,542169.50198,4807056.41342,-80.479119,43.415217,Non intersection,2,P.D. only,Thru lane,unknown,unknown,Rear end,Unknown,Daylight,01 - Daylight,Regional municipality,No control,unknown,0,0,0,False,False,False,Clear,,False,STRASBURG RD; STRASBURG RD,1/30/2020 12:00:02 PM,,
46935,17-221391,1506792660000,2017,9,30,17,31,0,Saturday,540485.44622,4809736.03383,-80.499721,43.439437,At intersection,1,Non-fatal injury,Within intersection,unknown,unknown,Rear end,Unknown,Daylight,01 - Daylight,Regional municipality,Stop sign,Functioning,0,0,0,False,False,False,Clear,,False,QUEENS BLVD; SPADINA RD E,3/7/2019 1:00:46 PM,,
46936,17-221995,1506829920000,2017,10,1,3,52,0,Sunday,541019.09466,4810693.53457,-80.493055,43.448029999999996,Non intersection,2,Non-reportable,Thru lane,unknown,unknown,Rear end,Unknown,Dark,07 - Dark,Municipal (excl. Twp. Rd.),No control,unknown,0,0,0,False,False,False,Clear,,False,DAVID ST ; JOSEPH ST ; Near; 400 M,1/30/2020 12:00:01 PM,,
46937,17-222169,1506858000000,2017,10,1,11,40,0,Sunday,539594.36372,4805899.33391,-80.51101,43.404939,At/near private drive,1,Non-fatal injury,Thru lane,unknown,unknown,Turning movement,Unknown,Daylight,01 - Daylight,Municipal (excl. Twp. Rd.),No control,unknown,0,0,0,False,False,False,Clear,,False,MAX BECKER DR; MAX BECKER DR; Near; 20 M,3/7/2019 1:00:45 PM,,
46938,17-222206,1506804960000,2017,9,30,20,56,0,Saturday,538531.96448,4809610.20982,-80.52386899999999,43.438407,Non intersection,2,Non-reportable,Thru lane,unknown,unknown,Rear end,Unknown,Dark,07 - Dark,Regional municipality,No control,unknown,0,0,0,False,False,False,Clear,,False,HAZELGLEN DR ; VICTORIA ST S; Near,3/7/2019 1:00:44 PM,,
46939,17-222323,1506870600000,2017,10,1,15,10,0,Sunday,544663.38557,4809164.31414,-80.448143,43.434052,At/near private drive,2,P.D. only,Thru lane,unknown,unknown,Angle,Unknown,Daylight,01 - Daylight,Municipal (excl. Twp. Rd.),Stop sign,Functioning,0,0,0,False,False,False,Clear,,False,FRANKLIN ST N; WEBER ST E; 0 M,3/7/2019 1:00:42 PM,,
46940,17-222354,1506874200000,2017,10,1,16,10,0,Sunday,539615.43845,4811375.8034,-80.510352,43.454248,Intersection related,2,P.D. only,Not on roadway - right side,unknown,unknown,SMV other,Unknown,Daylight,01 - Daylight,Municipal (excl. Twp. Rd.),Traffic signal,Functioning,0,0,0,False,False,False,Clear,,False,GLASGOW ST ; PARK ST ; Near; 12.6 M,3/7/2019 1:00:41 PM,,
46941,17-222778,1506930720000,2017,10,2,7,52,0,Monday,539037.49163,4805660.1977,-80.517904,43.402815,At intersection,1,Non-fatal injury,Within intersection,unknown,unknown,Turning movement,Unknown,Daylight,01 - Daylight,Municipal (excl. Twp. Rd.),Stop sign,Functioning,0,1,0,False,False,False,Clear,,False,ACTIVA AVE ; SNOWDROP CRES,1/30/2020 12:00:00 PM,,
46942,17-223012,1506704400000,2017,9,29,17,0,0,Friday,545476.05561,4811496.60313,-80.437908,43.455003,At/near private drive,2,P.D. only,Thru lane,unknown,unknown,Turning movement,Unknown,Daylight,01 - Daylight,Municipal (excl. Twp. Rd.),No control,unknown,0,0,0,False,False,False,Clear,,False,MCGEE AVE; MCGEE AVE ; Near,3/7/2019 1:00:40 PM,,
46943,17-223100,1506953760000,2017,10,2,14,16,0,Monday,539889.09211,4808583.45558,-80.50717399999999,43.429091,At/near private drive,2,Non-reportable,Right shoulder,unknown,unknown,SMV unattended vehicle,Unknown,Daylight,01 - Daylight,Municipal (excl. Twp. Rd.),No control,unknown,0,0,0,False,False,False,Clear,,False,EVERGREEN CRES; EVERGREEN CRES ; Near; 2 M,3/7/2019 1:00:39 PM,,