OBJECTID,ACCIDENTNUM,ACCIDENTDATE,ACCIDENT_YEAR,ACCIDENT_MONTH,ACCIDENT_DAY,ACCIDENT_HOUR,ACCIDENT_MINUTE,ACCIDENT_SECOND,ACCIDENT_WEEKDAY,XCOORD,YCOORD,LONGITUDE,LATITUDE,ACCIDENTLOCATION,COLLISIONTYPE,CLASSIFICATIONOFACCIDENT,IMPACTLOCATION,INITIALDIRECTIONOFTRAVELONE,INITIALDIRECTIONOFTRAVELTWO,INITIALIMPACTTYPE,INTTRAFFICCONTROL,LIGHT,LIGHTFORREPORT,ROADJURISDICTION,TRAFFICCONTROL,TRAFFICCONTROLCONDITION,THRULANENO,NORTHBOUNDDISOBEYCOUNT,SOUTHBOUNDDISOBEYCOUNT,PEDESTRIANINVOLVED,CYCLISTINVOLVED,MOTORCYCLISTINVOLVED,ENVIRONMENTCONDITION1,ENVIRONMENTCONDITION2,SELFREPORTED,XMLIMPORTNOTES,LASTEDITEDDATE,CREATE_BY,CREATE_DATE
47081,17-255596,1510327920000,2017,11,10,15,32,0,Friday,540792.57148,4812277.34215,-80.495736,43.462303,At/near private drive,2,P.D. only,Thru lane,unknown,unknown,Other,Unknown,Daylight,01 - Daylight,Municipal (excl. Twp. Rd.),No control,unknown,0,0,0,False,False,False,Clear,,False,BRUNSWICK AVE; BRUNSWICK AVE ; At; 3 M,1/30/2020 11:59:36 AM,,
47082,17-255712,1510270200000,2017,11,9,23,30,0,Thursday,542713.45705,4807105.04918,-80.472396,43.415624,Non intersection,2,P.D. only,Thru lane,unknown,unknown,SMV unattended vehicle,Unknown,Daylight,01 - Daylight,Private property,No control,unknown,0,0,0,False,False,False,Clear,,False,MURRAYHILL CRT; MURRAYHILL CRT; At; 10 M,3/7/2019 12:58:20 PM,,
47083,17-256081,1510390140000,2017,11,11,8,49,0,Saturday,545304.84042,4812419.84289,-80.43994699999999,43.463325999999995,At/near private drive,2,P.D. only,Thru lane,unknown,unknown,Other,Unknown,Daylight,01 - Daylight,Municipal (excl. Twp. Rd.),No control,unknown,0,0,0,False,False,False,Clear,,False,WIMBLETON CRES; WIMBLETON CRES ; Near; 500 M,1/30/2020 11:59:35 AM,,
47084,17-256163,1510398540000,2017,11,11,11,9,0,Saturday,541633.89467,4811413.27857,-80.485402,43.454476,At intersection,2,P.D. only,Within intersection,unknown,unknown,Turning movement,Unknown,Daylight,01 - Daylight,Regional municipality,Traffic signal,Functioning,0,0,0,False,False,False,Clear,,False,MARGARET AVE ; QUEEN ST N,1/30/2020 11:59:34 AM,,
47085,17-256184,1510371600000,2017,11,11,3,40,0,Saturday,541465.38625,4810434.98313,-80.48755899999999,43.445676999999996,Non intersection,2,P.D. only,Right shoulder,unknown,unknown,SMV unattended vehicle,Unknown,Dark,07 - Dark,Municipal (excl. Twp. Rd.),No control,unknown,0,0,0,False,False,False,Clear,,False,CHURCH ST; PETER ST ; Near; 100 M,1/30/2020 11:59:33 AM,,
47086,17-256188,1510402140000,2017,11,11,12,9,0,Saturday,544731.32881,4811507.85263,-80.44711099999999,43.455149,Non intersection,2,P.D. only,Not on roadway - right side,unknown,unknown,SMV other,Unknown,Daylight,01 - Daylight,Municipal (excl. Twp. Rd.),No control,unknown,0,0,0,False,False,False,Clear,,False,RIVER RD E; GIBSON DR; 1 M,1/30/2020 11:59:33 AM,,
47087,17-256570,1510430220000,2017,11,11,19,57,0,Saturday,539631.05441,4805863.40107,-80.51056,43.404613,At intersection,1,Non-fatal injury,Within intersection,unknown,unknown,Angle,Unknown,"Dark, artificial","08 - Dark, artificial",Municipal (excl. Twp. Rd.),Stop sign,Functioning,0,0,0,False,False,False,Clear,,False,MAX BECKER DR ; BRIDLEWREATH ST ; 2 M,1/30/2020 11:59:31 AM,,
47088,17-256790,1510454040000,2017,11,12,2,34,0,Sunday,538866.61947,4811498.68128,-80.519599,43.455394,Non intersection,2,P.D. only,Thru lane,unknown,unknown,SMV unattended vehicle,Unknown,Dark,07 - Dark,Municipal (excl. Twp. Rd.),No control,unknown,0,0,0,False,False,False,Clear,,False,BELMONT AVE W; BELMONT AVE W; At; 1 M,1/30/2020 11:59:31 AM,,
47089,17-256900,1510477440000,2017,11,12,9,4,0,Sunday,539405.33284,4810382.18673,-80.513021,43.445313,Intersection related,2,P.D. only,Not on roadway - right side,unknown,unknown,SMV other,Unknown,Daylight,01 - Daylight,Municipal (excl. Twp. Rd.),Stop sign,Functioning,0,0,0,False,False,False,Clear,,False,BELMONT AVE W; KARN ST ; Near,1/30/2020 11:59:30 AM,,
47090,17-256933,1510410600000,2017,11,11,14,30,0,Saturday,537543.04687,4806941.3009,-80.536272,43.414426,At/near private drive,2,P.D. only,Right shoulder,unknown,unknown,SMV unattended vehicle,Unknown,Daylight,01 - Daylight,Municipal (excl. Twp. Rd.),No control,unknown,0,0,0,False,False,False,Clear,,False,PARKLAND CRES; PARKLAND CRES; Near,3/7/2019 12:58:18 PM,,
47091,17-257026,1510490880000,2017,11,12,12,48,0,Sunday,544838.99088,4804830.76061,-80.44632899999999,43.395022,Non intersection,2,P.D. only,Thru lane,unknown,unknown,Rear end,Unknown,Daylight,01 - Daylight,Municipal (excl. Twp. Rd.),No control,unknown,0,0,0,False,False,False,Clear,,False,PIONEER DR; PIONEER DR ; 20 M,1/30/2020 11:59:28 AM,,
47092,17-257441,1510540020000,2017,11,13,2,27,0,Monday,540486.80886,4809734.4142,-80.499704,43.439423,Intersection related,2,P.D. only,Not on roadway - right side,unknown,unknown,SMV other,Unknown,"Dark, artificial","08 - Dark, artificial",Regional municipality,Stop sign,Functioning,0,0,0,False,False,False,Rain,,False,QUEENS BLVD; SPADINA RD E; At; 3 M,1/30/2020 11:59:27 AM,,
47093,17-257572,1510408800000,2017,11,11,14,0,0,Saturday,537010.56223,4808656.52472,-80.542732,43.429897,At/near private drive,2,P.D. only,Thru lane,unknown,unknown,SMV unattended vehicle,Unknown,Daylight,01 - Daylight,Municipal (excl. Twp. Rd.),No control,unknown,0,0,0,False,False,False,Rain,,False,HOLLYRIDGE CRES; HOLLYRIDGE CRES; Near,3/7/2019 12:58:17 PM,,
47094,17-257691,1510573080000,2017,11,13,11,38,0,Monday,536508.62566,4809513.23436,-80.54887599999999,43.437636,Non intersection,2,P.D. only,Not on roadway - right side,unknown,unknown,SMV other,Unknown,Daylight,01 - Daylight,Municipal (excl. Twp. Rd.),No control,unknown,0,0,0,False,False,False,Clear,,False,RESURRECTION DR ; NORTHMANOR CRES ; Near; 7 M,1/30/2020 11:59:26 AM,,
47095,17-257764,1510573500000,2017,11,13,11,45,0,Monday,544141.32339,4808843.61244,-80.454619,43.431194999999995,At intersection,2,P.D. only,Within intersection,unknown,unknown,Angle,Unknown,Daylight,01 - Daylight,Municipal (excl. Twp. Rd.),Stop sign,Functioning,0,0,0,False,False,False,Clear,,False,FOURTH AVE ; CONNAUGHT ST,3/7/2019 12:58:16 PM,,
47096,17-257810,1510582560000,2017,11,13,14,16,0,Monday,537376.58645,4809957.50379,-80.53812099999999,43.441593,At/near private drive,2,P.D. only,Thru lane,unknown,unknown,Other,Unknown,Daylight,01 - Daylight,Municipal (excl. Twp. Rd.),No control,unknown,0,0,0,False,False,False,Clear,,False,WESTWOOD DR; WESTWOOD DR ; At; 5 M,1/30/2020 11:59:26 AM,,
47097,17-257902,1510421400000,2017,11,11,17,30,0,Saturday,544796.01013,4809470.44857,-80.446479,43.436800999999996,At/near private drive,2,P.D. only,Thru lane,unknown,unknown,Other,Unknown,Dusk,05 - Dusk,Regional municipality,No control,unknown,0,0,0,False,False,False,Clear,,False,FRANKLIN ST N; FRANKLIN ST N,3/7/2019 12:58:15 PM,,
47098,17-257982,1510592400000,2017,11,13,17,0,0,Monday,541954.82616,4815744.3637,-80.48110199999999,43.493455,Intersection related,2,P.D. only,Thru lane,unknown,unknown,Turning movement,Unknown,"Dark, artificial","08 - Dark, artificial",Municipal (excl. Twp. Rd.),No control,unknown,0,0,0,False,False,False,Clear,,False,FALCONRIDGE DR ; WOOLWICH ST,3/7/2019 12:58:14 PM,,
47099,17-258111,1510611600000,2017,11,13,22,20,0,Monday,540533.16858,4806805.65606,-80.499349,43.413049,At/near private drive,2,P.D. only,Thru lane,unknown,unknown,SMV unattended vehicle,Unknown,Dark,07 - Dark,Municipal (excl. Twp. Rd.),No control,unknown,0,0,0,False,False,False,Clear,,False,BOSWORTH CRES; BOSWORTH CRES; Near; 5 M,1/30/2020 11:59:24 AM,,
47100,17-258204,1510628940000,2017,11,14,3,9,0,Tuesday,538070.6833,4807546.8033,-80.52971199999999,43.419852,Intersection related,2,P.D. only,Not on roadway - left side,unknown,unknown,SMV other,Unknown,"Dark, artificial","08 - Dark, artificial",Municipal (excl. Twp. Rd.),Stop sign,Functioning,0,0,0,False,False,False,Clear,,False,MCGARRY DR; WESTHEIGHTS DR,1/30/2020 11:59:24 AM,,
47101,17-258390,1510587900000,2017,11,13,15,45,0,Monday,544116.81711,4811896.40068,-80.454675,43.458684,Intersection related,2,P.D. only,Thru lane,unknown,unknown,Rear end,Unknown,Daylight,01 - Daylight,Municipal (excl. Twp. Rd.),Stop sign,Functioning,0,0,0,False,False,False,Clear,,False,MANCHESTER RD; RIVER RD E,3/7/2019 12:58:13 PM,,
47102,17-258776,1510682340000,2017,11,14,17,59,0,Tuesday,545107.64505,4807726.63452,-80.442773,43.421081,At/near private drive,2,P.D. only,Left turn lane,unknown,unknown,Turning movement,Unknown,"Dark, artificial","08 - Dark, artificial",Regional municipality,Traffic signal,Functioning,0,0,0,False,False,False,Clear,,False,WILSON AVE ; FAIRWAY RD S; Near; 8 M,1/30/2020 11:59:23 AM,,
47103,17-259175,1510739700000,2017,11,15,9,55,0,Wednesday,538119.10844,4810121.92428,-80.52893399999999,43.443036,Non intersection,2,P.D. only,Right shoulder,unknown,unknown,SMV other,Unknown,Daylight,01 - Daylight,Municipal (excl. Twp. Rd.),No control,unknown,0,0,0,False,False,False,Clear,,False,MARKWOOD DR; ROSSFORD CRES ; Near; 120 M,1/30/2020 11:59:22 AM,,
47104,17-259244,1510696200000,2017,11,14,21,50,0,Tuesday,542763.84726,4810432.1726,-80.471513,43.445578999999995,Non intersection,2,P.D. only,Thru lane,unknown,unknown,SMV unattended vehicle,Unknown,Daylight,01 - Daylight,Municipal (excl. Twp. Rd.),No control,unknown,0,0,0,False,False,False,Clear,,False,BORDEN AVE N; WEBER ST E; Near,3/7/2019 12:58:12 PM,,
47105,17-259385,1510750800000,2017,11,15,13,0,0,Wednesday,541942.49923,4806733.94857,-80.48194699999999,43.412326,Non intersection,2,P.D. only,Thru lane,unknown,unknown,SMV unattended vehicle,Unknown,Daylight,01 - Daylight,Municipal (excl. Twp. Rd.),No control,unknown,0,0,0,False,False,False,Clear,,False,BROOKFIELD CRES; BROOKFIELD CRES,3/7/2019 12:58:11 PM,,
47106,17-259667,1510780260000,2017,11,15,21,11,0,Wednesday,541517.65494,4811213.86065,-80.486854,43.452687,At intersection,2,P.D. only,Within intersection,unknown,unknown,Turning movement,Unknown,Dark,07 - Dark,Municipal (excl. Twp. Rd.),Stop sign,Functioning,0,0,0,False,False,False,Rain,,False,QUEEN ST N; ROY ST,1/30/2020 11:59:21 AM,,
47107,17-259817,1510811280000,2017,11,16,5,48,0,Thursday,542743.22831,4811246.19009,-80.471704,43.452909,Non intersection,2,P.D. only,Thru lane,unknown,unknown,SMV other,Unknown,Dark,07 - Dark,Municipal (excl. Twp. Rd.),No control,unknown,0,0,0,False,False,False,Rain,,False,KRUG ST; KRUG ST ; 1 M,1/30/2020 11:59:20 AM,,
47108,17-259912,1510823400000,2017,11,16,9,10,0,Thursday,541068.0,4811108.0,0.0,0.0,At intersection,2,P.D. only,Within intersection,unknown,unknown,Angle,Unknown,Daylight,01 - Daylight,Municipal (excl. Twp. Rd.),Traffic signal,Functioning,0,0,0,False,False,False,Rain,,False,GAGE AVE; BELMONT AVE W,3/7/2019 12:58:10 PM,,
47109,17-259975,1510777800000,2017,11,15,20,30,0,Wednesday,537684.37065,4808951.59006,-80.534387,43.43252,At/near private drive,2,P.D. only,Thru lane,unknown,unknown,SMV unattended vehicle,Unknown,"Dark, artificial","08 - Dark, artificial",Municipal (excl. Twp. Rd.),No control,unknown,0,0,0,False,False,False,Rain,,False,OPRINGTON PL; OPRINGTON PL ; Near,3/7/2019 12:58:09 PM,,
47110,17-260110,1510684200000,2017,11,14,18,30,0,Tuesday,539746.23547,4805758.56239,-80.50914499999999,43.403662999999995,Intersection related,2,P.D. only,Thru lane,unknown,unknown,Turning movement,Unknown,Dark,07 - Dark,Municipal (excl. Twp. Rd.),Stop sign,Functioning,0,0,0,False,False,False,Clear,,False,MAX BECKER DR; ACTIVA AVE; Near,3/7/2019 12:58:08 PM,,
47111,17-260194,1510837200000,2017,11,16,13,0,0,Thursday,539577.53085,4809670.37249,-80.51094499999999,43.438894999999995,At/near private drive,2,P.D. only,Not on roadway - left side,unknown,unknown,Turning movement,Unknown,Daylight,01 - Daylight,Municipal (excl. Twp. Rd.),No control,unknown,0,0,0,False,False,False,Clear,,False,LAWRENCE AVE; 324 HIGHLAND RD W; Near,3/7/2019 12:58:06 PM,,
47112,17-260204,1510841520000,2017,11,16,14,12,0,Thursday,541182.90031,4810974.30386,-80.49100899999999,43.450548999999995,Non intersection,2,P.D. only,Not on roadway - right side,unknown,unknown,SMV other,Unknown,Daylight,01 - Daylight,Regional municipality,No control,unknown,0,0,0,False,False,False,Rain,,False,KING ST W; KING ST W; At; 0 M,1/30/2020 11:59:19 AM,,
47113,17-261013,1510836300000,2017,11,16,12,45,0,Thursday,541749.33608,4810652.07785,-80.484034,43.447616,Non intersection,2,P.D. only,Thru lane,unknown,unknown,Rear end,Unknown,Daylight,01 - Daylight,Regional municipality,No control,unknown,0,0,0,False,False,False,Clear,,False,KING ST E; KING ST E; 20 M,3/7/2019 12:58:05 PM,,
47114,17-261072,1510930800000,2017,11,17,15,0,0,Friday,541535.27506,4807825.67744,-80.48689399999999,43.422179,Non intersection,2,P.D. only,Thru lane,unknown,unknown,Turning movement,Unknown,Daylight,01 - Daylight,Municipal (excl. Twp. Rd.),No control,unknown,0,0,0,False,False,False,Clear,,False,STRASBURG RD; STRASBURG RD; Near,3/7/2019 12:58:04 PM,,
47115,17-261402,1510961880000,2017,11,17,23,38,0,Friday,539475.60324,4802920.52835,-80.512692,43.378124,Non intersection,2,P.D. only,Not on roadway - left side,unknown,unknown,SMV other,Unknown,Dark,07 - Dark,Regional municipality,No control,unknown,0,0,0,False,False,False,Clear,,False,HURON RD; HURON RD ; Near; 2 M,1/30/2020 11:59:18 AM,,
47116,17-262581,1511096400000,2017,11,19,13,0,0,Sunday,546074.52709,4811152.24961,-80.43054,43.451865999999995,At/near private drive,2,P.D. only,Thru lane,unknown,unknown,SMV unattended vehicle,Unknown,Daylight,01 - Daylight,Municipal (excl. Twp. Rd.),No control,unknown,0,0,0,False,False,False,Snow,,False,OLDFIELD DR; OLDFIELD DR,3/7/2019 12:58:03 PM,,
47117,17-262592,1511098200000,2017,11,19,13,30,0,Sunday,544248.91768,4805069.16802,-80.45359599999999,43.397203999999995,At/near private drive,2,P.D. only,Right shoulder,unknown,unknown,SMV unattended vehicle,Unknown,Daylight,01 - Daylight,Municipal (excl. Twp. Rd.),No control,unknown,0,0,0,False,False,False,Clear,,False,OLD HURON CRT; OLD HURON CRT ; At,3/7/2019 12:58:02 PM,,
47118,17-262644,1510997100000,2017,11,18,9,25,0,Saturday,545458.64217,4808940.95428,-80.43833599999999,43.431993,At/near private drive,2,Non-reportable,Thru lane,unknown,unknown,Turning movement,Unknown,Daylight,01 - Daylight,Municipal (excl. Twp. Rd.),No control,unknown,0,0,0,False,False,False,Clear,,False,KINZIE AVE ; WEBER ST E; At,3/7/2019 12:58:01 PM,,
47119,17-262679,1511042400000,2017,11,18,22,0,0,Saturday,539159.46705,4805572.97754,-80.516404,43.402023,At/near private drive,2,P.D. only,Thru lane,unknown,unknown,SMV unattended vehicle,Unknown,"Dark, artificial","08 - Dark, artificial",Municipal (excl. Twp. Rd.),No control,unknown,0,0,0,False,False,False,Rain,,False,HENHOEFFER CRT; HENHOEFFER CRT ; Near,3/7/2019 12:58:00 PM,,
47120,17-262919,1511131020000,2017,11,19,22,37,0,Sunday,540377.5465,4805920.27343,-80.501336,43.405086,At intersection,2,P.D. only,Within intersection,unknown,unknown,SMV other,Unknown,Dark,07 - Dark,Regional municipality,Yield sign,Functioning,0,0,0,False,False,False,Rain,,False,MAX BECKER DR ; MAX BECKER DR 4; 4 M,1/30/2020 11:59:17 AM,,
47121,17-263001,1511141400000,2017,11,20,1,30,0,Monday,541068.0,4811108.0,0.0,0.0,Non intersection,2,P.D. only,Not on roadway - left side,unknown,unknown,SMV other,Unknown,"Dark, artificial","08 - Dark, artificial",Municipal (excl. Twp. Rd.),No control,unknown,0,0,0,False,False,False,Snow,,False,THOMAS SLEE DR; THOMAS SLEE DR ; At; 10 M,3/7/2019 12:57:59 PM,,
47122,17-263075,1511162400000,2017,11,20,7,20,0,Monday,536568.94522,4809563.396,-80.54812799999999,43.438083999999996,Non intersection,2,P.D. only,Not on roadway - left side,unknown,unknown,SMV other,Unknown,Daylight,01 - Daylight,Municipal (excl. Twp. Rd.),No control,unknown,0,0,0,False,False,False,Snow,,False,RESURRECTION DR; NORTHMANOR CRES ; 25 M,1/30/2020 11:59:16 AM,,
47123,17-263089,1511163600000,2017,11,20,7,40,0,Monday,536841.61983,4807844.01736,-80.544874,43.422588999999995,Intersection related,2,P.D. only,Thru lane,unknown,unknown,Approaching,Unknown,Daylight,01 - Daylight,Municipal (excl. Twp. Rd.),Stop sign,Functioning,0,0,0,False,False,False,Snow,,False,ROLLING MEADOWS DR; CONNELLY DR; Near; 10 M,1/30/2020 11:59:15 AM,,
47124,17-263096,1511164380000,2017,11,20,7,53,0,Monday,538629.2707,4805377.87938,-80.522965,43.400293999999995,Non intersection,2,P.D. only,Thru lane,unknown,unknown,SMV unattended vehicle,Unknown,Daylight,01 - Daylight,Municipal (excl. Twp. Rd.),No control,unknown,0,0,0,False,False,False,Clear,,False,GRAVEL RIDGE TRAIL; GRAVEL RIDGE TRAIL ; Near; 2 M,1/30/2020 11:59:14 AM,,
47125,17-263128,1511166600000,2017,11,20,8,30,0,Monday,536534.1851,4809760.53902,-80.54854399999999,43.439861,Non intersection,2,P.D. only,Thru lane,unknown,unknown,Approaching,Unknown,Daylight,01 - Daylight,Municipal (excl. Twp. Rd.),No control,unknown,0,0,0,False,False,False,Clear,,False,RESURRECTION DR; UNIVERSITY AVE; Near; 100 M,1/30/2020 11:59:13 AM,,
47126,17-263144,1511163600000,2017,11,20,7,40,0,Monday,536842.58181,4807844.02262,-80.54486299999999,43.422588999999995,Non intersection,2,P.D. only,Thru lane,unknown,unknown,SMV unattended vehicle,Unknown,Daylight,01 - Daylight,Municipal (excl. Twp. Rd.),No control,unknown,0,0,0,False,False,False,Snow,,False,ROLLING MEADOWS DR; CONNELLY DR; Near; 10 M,1/30/2020 11:59:12 AM,,
47127,17-263482,1511188800000,2017,11,20,14,40,0,Monday,546295.48004,4809961.9619,-80.42791,43.441134999999996,Non intersection,1,Non-fatal injury,Left shoulder,unknown,unknown,SMV unattended vehicle,Unknown,Daylight,01 - Daylight,Municipal (excl. Twp. Rd.),No control,unknown,0,0,0,False,False,False,Clear,,False,OLD CHICOPEE TRAIL; OLD CHICOPEE TRAIL ; 0 M,1/30/2020 11:59:11 AM,,
47128,17-263576,1511074800000,2017,11,19,7,0,0,Sunday,543143.21599,4814133.82236,-80.466532,43.478887,Non intersection,2,P.D. only,Thru lane,unknown,unknown,SMV unattended vehicle,Unknown,Daylight,01 - Daylight,Municipal (excl. Twp. Rd.),No control,unknown,0,0,0,False,False,False,Clear,,False,SCHUELLER ST; SCHUELLER ST ; Near,3/7/2019 12:57:58 PM,,
47129,17-263711,1511205540000,2017,11,20,19,19,0,Monday,540797.04753,4809185.24344,-80.49591199999999,43.434461,Intersection related,1,Non-fatal injury,Thru lane,unknown,unknown,SMV unattended vehicle,Stop sign,Dark,07 - Dark,Municipal (excl. Twp. Rd.),Stop sign,Functioning,0,0,0,False,False,False,Clear,,False,PLEASANT AVE; STIRLING AVE S; Near; 20 M,1/30/2020 11:59:10 AM,,
47130,17-263927,1511243520000,2017,11,21,5,52,0,Tuesday,544343.90154,4808757.31611,-80.452123,43.430406,Intersection related,2,P.D. only,Left shoulder,unknown,unknown,SMV other,Unknown,Dark,07 - Dark,Municipal (excl. Twp. Rd.),Stop sign,Functioning,0,0,0,False,False,False,Clear,,False,SIXTH AVE; CONNAUGHT ST ; Near; 3 M,1/30/2020 11:59:09 AM,,
47131,17-263991,1511017200000,2017,11,18,15,0,0,Saturday,540899.95892,4809443.1771,-80.494621,43.436778,Non intersection,2,P.D. only,Right shoulder,unknown,unknown,SMV unattended vehicle,Unknown,Daylight,01 - Daylight,Municipal (excl. Twp. Rd.),No control,unknown,0,0,0,False,False,False,Rain,,False,LORNE CRES; LORNE CRES ; Near,3/7/2019 12:57:55 PM,,
47132,17-264265,1511175600000,2017,11,20,11,0,0,Monday,539972.60037,4807578.43844,-80.506216,43.420038,Non intersection,2,P.D. only,Thru lane,unknown,unknown,SMV unattended vehicle,Unknown,Daylight,01 - Daylight,Municipal (excl. Twp. Rd.),No control,unknown,0,0,0,False,False,False,Clear,,False,HOWE DR; WINDALE CRES; Near,3/7/2019 12:57:54 PM,,
47133,17-264345,1511274600000,2017,11,21,14,30,0,Tuesday,544605.99102,4804925.64578,-80.449198,43.39589,At/near private drive,2,P.D. only,Thru lane,unknown,unknown,SMV unattended vehicle,Unknown,Daylight,01 - Daylight,Municipal (excl. Twp. Rd.),No control,unknown,0,0,0,False,False,False,Clear,,False,HARCOURT CRES; MILLWOOD CRES; Near,3/7/2019 12:57:53 PM,,
47134,17-264505,1511285700000,2017,11,21,17,35,0,Tuesday,541980.13357,4808699.51116,-80.481332,43.430022,Non intersection,2,P.D. only,Thru lane,unknown,unknown,Sideswipe,Unknown,Dark,07 - Dark,Municipal (excl. Twp. Rd.),No control,unknown,0,0,0,False,False,False,Clear,,False,KEHL ST; OTTAWA ST S; Near,3/7/2019 12:57:52 PM,,
47135,17-264809,1511340960000,2017,11,22,8,56,0,Wednesday,541026.73501,4806547.54836,-80.49327199999999,43.410699,At intersection,2,P.D. only,Within intersection,unknown,unknown,Turning movement,Unknown,Daylight,01 - Daylight,Municipal (excl. Twp. Rd.),Stop sign,Functioning,0,0,0,False,False,False,Snow,,False,ERINBROOK DR; HIGHCROFT CRT,1/30/2020 11:59:08 AM,,
47136,17-264834,1511342100000,2017,11,22,9,15,0,Wednesday,539314.17683,4810618.90751,-80.51413099999999,43.447449,At intersection,1,Non-fatal injury,Within intersection,unknown,unknown,SMV other,Unknown,Daylight,01 - Daylight,Municipal (excl. Twp. Rd.),Traffic signal,Functioning,0,0,0,True,False,False,Clear,,False,BELMONT AVE W; GAGE AVE,1/30/2020 11:59:07 AM,,
47137,17-264853,1511343360000,2017,11,22,9,36,0,Wednesday,545960.48903,4803095.63598,-80.432627,43.379331,At/near private drive,2,P.D. only,Thru lane,unknown,unknown,Other,Unknown,Daylight,01 - Daylight,Municipal (excl. Twp. Rd.),No control,unknown,0,0,0,False,False,False,Clear,,False,DOON SOUTH DR; DOON SOUTH DR ; 8 M,1/30/2020 11:59:06 AM,,
47138,17-264900,1511341200000,2017,11,22,9,0,0,Wednesday,541905.14825,4808615.17613,-80.482264,43.429266999999996,At/near private drive,2,P.D. only,Thru lane,unknown,unknown,SMV unattended vehicle,Unknown,"Daylight, artificial","02 - Daylight, artificial",Municipal (excl. Twp. Rd.),No control,unknown,0,0,0,False,False,False,Snow,,False,KEHL ST; KEHL ST,3/7/2019 12:57:51 PM,,
47139,17-264974,1511353320000,2017,11,22,12,22,0,Wednesday,545923.33572,4809325.10062,-80.43256199999999,43.435424,Intersection related,1,Non-fatal injury,Thru lane,unknown,unknown,Rear end,Unknown,Daylight,01 - Daylight,Municipal (excl. Twp. Rd.),No control,unknown,0,0,0,False,False,False,Clear,,False,THALER AVE; KINZIE AVE ; 26 M,1/30/2020 11:59:05 AM,,
47140,17-265154,1511168400000,2017,11,20,9,0,0,Monday,537129.80882,4806665.73284,-80.541394,43.411966,Non intersection,2,P.D. only,Right shoulder,unknown,unknown,SMV other,Unknown,Daylight,01 - Daylight,Municipal (excl. Twp. Rd.),No control,unknown,0,0,0,False,False,False,Clear,,False,YELLOW BIRCH DR; HODDLE CRES ; Near; 120 M,1/30/2020 11:59:05 AM,,
47141,17-265186,1511370600000,2017,11,22,17,10,0,Wednesday,549458.64965,4806084.04995,-80.389175,43.406016,At/near private drive,2,P.D. only,Two-way left turn lane,unknown,unknown,Turning movement,Unknown,"Dark, artificial","08 - Dark, artificial",Municipal (excl. Twp. Rd.),No control,unknown,0,0,0,False,False,False,Clear,,False,TU LANE ST; KING ST E; Near; 10 M,1/30/2020 11:59:04 AM,,
47142,17-265404,1511390940000,2017,11,22,22,49,0,Wednesday,544481.19375,4812745.47347,-80.450102,43.466308,At/near private drive,1,Non-fatal injury,Off highway,unknown,unknown,SMV other,Unknown,Dark,07 - Dark,Private property,No control,unknown,0,0,0,False,False,False,Clear,,False,DRIVEWAY; CARSON DR ; Near; 3 M,1/30/2020 11:59:03 AM,,
47143,17-265543,1511271000000,2017,11,21,13,30,0,Tuesday,542188.6586,4810207.38957,-80.478639,43.443587,At/near private drive,2,P.D. only,Thru lane,unknown,unknown,Other,Unknown,Daylight,01 - Daylight,Regional municipality,No control,unknown,0,0,0,False,False,False,Clear,,False,CHARLES ST E; STIRLING AVE S; At,3/7/2019 12:57:49 PM,,
47144,17-265995,1511380800000,2017,11,22,20,0,0,Wednesday,540616.10202,4809335.8251,-80.498136,43.435826999999996,Non intersection,2,P.D. only,Thru lane,unknown,unknown,SMV unattended vehicle,Unknown,Dark,07 - Dark,Municipal (excl. Twp. Rd.),No control,unknown,0,0,0,False,False,False,Clear,,False,PERTH RD; PERTH RD,3/7/2019 12:57:48 PM,,
47145,17-266573,1511520000000,2017,11,24,10,40,0,Friday,544824.243,4807973.81451,-80.446253,43.423322999999996,At/near private drive,2,P.D. only,Thru lane,unknown,unknown,Turning movement,Unknown,Daylight,01 - Daylight,Regional municipality,No control,unknown,0,0,0,False,False,False,Clear,,False,WILSON AVE ; FAIRWAY RD S; At; 120 M,1/30/2020 11:59:02 AM,,
47146,17-266968,1511550540000,2017,11,24,19,9,0,Friday,540617.96581,4810956.26287,-80.497993,43.450416999999995,At intersection,1,Non-fatal injury,Within intersection,unknown,unknown,SMV other,Unknown,Dark,07 - Dark,Municipal (excl. Twp. Rd.),Stop sign,Functioning,0,0,0,True,False,False,Clear,,False,JOSEPH ST; LINDEN AVE; 5 M,1/30/2020 11:59:01 AM,,
47147,17-267265,1511579220000,2017,11,25,3,7,0,Saturday,540696.71184,4809684.68219,-80.497114,43.438963,Non intersection,1,Non-fatal injury,Thru lane,unknown,unknown,SMV unattended vehicle,Unknown,Dark,07 - Dark,Municipal (excl. Twp. Rd.),No control,unknown,0,0,0,False,False,False,Clear,,False,SPADINA RD E; SPADINA RD E; 5 M,1/30/2020 11:59:00 AM,,
47148,17-267654,1511617500000,2017,11,25,13,45,0,Saturday,545824.63186,4808612.05852,-80.433842,43.429009,At/near private drive,2,P.D. only,Thru lane,unknown,unknown,Turning movement,Unknown,Daylight,01 - Daylight,Regional municipality,No control,unknown,0,0,0,False,False,False,Rain,,False,KING ST E; KING ST E; Near,3/7/2019 12:57:46 PM,,