OBJECTID,ACCIDENTNUM,ACCIDENTDATE,ACCIDENT_YEAR,ACCIDENT_MONTH,ACCIDENT_DAY,ACCIDENT_HOUR,ACCIDENT_MINUTE,ACCIDENT_SECOND,ACCIDENT_WEEKDAY,XCOORD,YCOORD,LONGITUDE,LATITUDE,ACCIDENTLOCATION,COLLISIONTYPE,CLASSIFICATIONOFACCIDENT,IMPACTLOCATION,INITIALDIRECTIONOFTRAVELONE,INITIALDIRECTIONOFTRAVELTWO,INITIALIMPACTTYPE,INTTRAFFICCONTROL,LIGHT,LIGHTFORREPORT,ROADJURISDICTION,TRAFFICCONTROL,TRAFFICCONTROLCONDITION,THRULANENO,NORTHBOUNDDISOBEYCOUNT,SOUTHBOUNDDISOBEYCOUNT,PEDESTRIANINVOLVED,CYCLISTINVOLVED,MOTORCYCLISTINVOLVED,ENVIRONMENTCONDITION1,ENVIRONMENTCONDITION2,SELFREPORTED,XMLIMPORTNOTES,LASTEDITEDDATE,CREATE_BY,CREATE_DATE
47149,17-268439,1511715480000,2017,11,26,16,58,0,Sunday,539005.8617,4811279.60023,-80.517894,43.453413999999995,At intersection,2,P.D. only,Within intersection,unknown,unknown,Turning movement,Unknown,Daylight,01 - Daylight,Municipal (excl. Twp. Rd.),Stop sign,Functioning,0,0,0,False,False,False,Clear,,False,BELMONT AVE W; CLAREMONT AVE,1/30/2020 11:58:59 AM,,
47150,17-269053,1511778600000,2017,11,27,10,30,0,Monday,540128.07167,4805798.92478,-80.504426,43.404005999999995,At/near private drive,2,P.D. only,Thru lane,unknown,unknown,Other,Unknown,Daylight,01 - Daylight,Municipal (excl. Twp. Rd.),No control,unknown,0,0,0,False,False,False,Clear,,False,MAX BECKER DR; MAX BECKER DR,1/30/2020 11:58:58 AM,,
47151,17-269093,1511658000000,2017,11,26,1,0,0,Sunday,546798.33696,4808421.68703,-80.42182799999999,43.427234999999996,At/near private drive,2,P.D. only,Thru lane,unknown,unknown,SMV unattended vehicle,Unknown,"Dark, artificial","08 - Dark, artificial",Municipal (excl. Twp. Rd.),No control,unknown,0,0,0,False,False,False,Clear,,False,MORGAN AVE; MORGAN AVE; At,3/7/2019 12:57:43 PM,,
47152,17-269708,1511858100000,2017,11,28,8,35,0,Tuesday,545980.24926,4808544.64123,-80.43192499999999,43.428393,At/near private drive,2,P.D. only,Left turn lane,unknown,unknown,Angle,Unknown,Daylight,01 - Daylight,Regional municipality,No control,unknown,0,0,0,False,False,False,Clear,,False,KING ST E; KING ST E,3/7/2019 12:57:42 PM,,
47153,17-269851,1511871540000,2017,11,28,12,19,0,Tuesday,547238.28547,4808459.30701,-80.41638999999999,43.427546,Non intersection,2,P.D. only,Thru lane,unknown,unknown,SMV unattended vehicle,Unknown,Daylight,01 - Daylight,unknown,No control,unknown,0,0,0,False,False,False,Clear,,False,GRAND RIVER BLVD; GRAND RIVER BLVD ; At; 5 M,2/19/2019 2:08:50 PM,,
47154,17-270186,1511849700000,2017,11,28,6,15,0,Tuesday,546533.21195,4803507.26474,-80.425522,43.383002,Non intersection,2,P.D. only,Thru lane,unknown,unknown,SMV unattended vehicle,Unknown,"Dark, artificial","08 - Dark, artificial",Municipal (excl. Twp. Rd.),No control,unknown,0,0,0,False,False,False,Clear,,False,CREST HAVEN ST; CREST HAVEN ST; Near,3/7/2019 12:57:41 PM,,
47155,17-270603,1511944200000,2017,11,29,8,30,0,Wednesday,537121.9494,4806782.65838,-80.541484,43.413019,At/near private drive,2,P.D. only,Thru lane,unknown,unknown,Other,Unknown,Daylight,01 - Daylight,Municipal (excl. Twp. Rd.),No control,unknown,0,0,0,False,False,False,Clear,,False,CEDAR CREST ST; CEDAR CREST ST; At,3/7/2019 12:57:40 PM,,
47156,17-270629,1511877600000,2017,11,28,14,0,0,Tuesday,539937.06342,4811689.08926,-80.506354,43.457052,Non intersection,2,P.D. only,Right shoulder,unknown,unknown,SMV unattended vehicle,Unknown,Daylight,01 - Daylight,Municipal (excl. Twp. Rd.),No control,unknown,0,0,0,False,False,False,Clear,,False,BRAUN ST; BRAUN ST; Near,3/7/2019 12:57:38 PM,,
47157,17-270808,1511964000000,2017,11,29,14,0,0,Wednesday,538900.42542,4811472.0498,-80.519183,43.455152999999996,At intersection,2,P.D. only,Within intersection,unknown,unknown,Turning movement,Unknown,Daylight,01 - Daylight,Municipal (excl. Twp. Rd.),Traffic signal,Functioning,0,0,0,False,False,False,Clear,,False,BELMONT AVE W; UNION BLVD,1/30/2020 11:58:57 AM,,
47158,17-270826,1511965860000,2017,11,29,14,31,0,Wednesday,539089.578,4808786.31555,-80.517037,43.43096,Non intersection,1,Non-fatal injury,Not on roadway - right side,unknown,unknown,SMV other,Unknown,Daylight,01 - Daylight,Municipal (excl. Twp. Rd.),No control,unknown,0,0,0,False,False,False,Clear,,False,QUEENS BLVD; KELLY DR ; Near; 17 M,3/7/2019 12:57:37 PM,,
47159,17-271580,1512045000000,2017,11,30,12,30,0,Thursday,545525.02437,4811214.71277,-80.437326,43.452462,At/near private drive,2,P.D. only,Thru lane,unknown,unknown,SMV unattended vehicle,Unknown,Daylight,01 - Daylight,Municipal (excl. Twp. Rd.),No control,unknown,0,0,0,False,False,False,Rain,,False,CARNABY CRES; CARNABY CRES ; Near,3/7/2019 12:57:36 PM,,
47160,17-271581,1512044940000,2017,11,30,12,29,0,Thursday,544611.65856,4812933.66688,-80.44847399999999,43.467994,At intersection,1,Non-fatal injury,Within intersection,unknown,unknown,Angle,Unknown,Daylight,01 - Daylight,Municipal (excl. Twp. Rd.),Stop sign,Functioning,0,0,0,False,False,False,Rain,,False,ROTHSAY AVE ; NATCHEZ RD,1/30/2020 11:58:56 AM,,
47161,17-271653,1511361600000,2017,11,22,14,40,0,Wednesday,543752.23714,4805552.86109,-80.45969,43.401588,Intersection related,2,Non-reportable,Thru lane,unknown,unknown,Rear end,Unknown,Daylight,01 - Daylight,Municipal (excl. Twp. Rd.),Stop sign,Functioning,0,0,0,False,False,False,Clear,,False,BEASLEY DR; TRILLIUM DR,3/7/2019 12:57:35 PM,,
47162,17-271735,1512055680000,2017,11,30,15,28,0,Thursday,542841.21768,4809871.87811,-80.470601,43.440529,At intersection,1,Non-fatal injury,Within intersection,unknown,unknown,Angle,Unknown,Daylight,01 - Daylight,Municipal (excl. Twp. Rd.),Stop sign,Functioning,0,0,0,False,False,False,Clear,,False,CHARLES ST E; SYDNEY ST S,1/30/2020 11:58:55 AM,,
47163,17-272341,1512117900000,2017,12,1,8,45,0,Friday,546062.9709,4809494.88853,-80.43082299999999,43.436944,At intersection,2,P.D. only,Within intersection,unknown,unknown,Turning movement,Unknown,Daylight,01 - Daylight,Regional municipality,Traffic signal,Functioning,0,0,0,False,False,False,Clear,,False,KINZIE AVE; RIVER RD E,3/7/2019 12:57:34 PM,,
47164,17-272780,1512154800000,2017,12,1,19,0,0,Friday,542019.2128,4807242.42514,-80.480961,43.416900000000005,Intersection related,2,P.D. only,Not on roadway - left side,unknown,unknown,SMV other,Unknown,Dark,07 - Dark,Municipal (excl. Twp. Rd.),Stop sign,Functioning,0,0,0,False,False,False,Clear,,False,STRASBURG RD; BLACKHORNE DR,1/30/2020 11:58:54 AM,,
47165,17-273642,1512241200000,2017,12,2,19,0,0,Saturday,541674.92992,4803992.54679,-80.485461,43.387657,Non intersection,2,unknown,Not on roadway - right side,unknown,unknown,SMV other,Unknown,"Dark, artificial","08 - Dark, artificial",Municipal (excl. Twp. Rd.),No control,unknown,0,0,0,False,False,False,Clear,,False,WOODBINE AVE; WOODBINE AVE ; At; 5 M,1/30/2020 11:58:53 AM,,
47166,17-274276,1512312780000,2017,12,3,14,53,0,Sunday,545035.0699,4807866.19413,-80.443658,43.422342,Intersection related,2,P.D. only,Left turn lane,unknown,unknown,Rear end,Unknown,Daylight,01 - Daylight,Municipal (excl. Twp. Rd.),Traffic signal,Functioning,0,0,0,False,False,False,Clear,,False,KINGSWAY DR ; WILSON AVE; Near; 20 M,1/30/2020 11:58:52 AM,,
47167,17-274757,1512373980000,2017,12,4,7,53,0,Monday,541068.0,4811108.0,0.0,0.0,At intersection,2,P.D. only,Within intersection,unknown,unknown,SMV unattended vehicle,Unknown,Daylight,01 - Daylight,Municipal (excl. Twp. Rd.),Stop sign,Functioning,0,0,0,False,False,False,"Fog, mist, smoke, dust",,False,AMAND DR; SHADY GLEN CRES,1/30/2020 11:58:51 AM,,
47168,17-274895,1512383700000,2017,12,4,10,35,0,Monday,539096.97282,4811071.25419,-80.51678199999999,43.451533999999995,Non intersection,1,Non-fatal injury,Right shoulder,unknown,unknown,SMV other,Unknown,Daylight,01 - Daylight,Municipal (excl. Twp. Rd.),No control,unknown,0,0,0,False,False,False,Clear,,False,BELMONT AVE W; BELMONT AVE W; Near; 22 M,1/30/2020 11:58:51 AM,,
47169,17-274904,1511779320000,2017,11,27,10,42,0,Monday,542271.0179,4810245.13633,-80.47761799999999,43.443923,At intersection,2,P.D. only,Within intersection,unknown,unknown,Turning movement,Unknown,Daylight,01 - Daylight,Municipal (excl. Twp. Rd.),No control,unknown,0,0,0,False,False,False,Clear,,False,STIRLING AVE S; STIRLING LANE,1/30/2020 11:58:50 AM,,
47170,17-274990,1512295200000,2017,12,3,10,0,0,Sunday,536500.90785,4808670.70917,-80.54902799999999,43.43005,Non intersection,2,P.D. only,Off highway,unknown,unknown,SMV other,Unknown,Daylight,01 - Daylight,Regional municipality,No control,unknown,0,0,0,False,False,False,Clear,,False,HIGHGATE RD; VICTORIA ST S,3/7/2019 12:57:33 PM,,
47171,17-275295,1512416400000,2017,12,4,19,40,0,Monday,539030.70707,4811223.21471,-80.51759,43.452905,Non intersection,2,P.D. only,Other,unknown,unknown,SMV other,Unknown,Dark,07 - Dark,Municipal (excl. Twp. Rd.),No control,unknown,0,0,0,False,False,False,Clear,,False,BELMONT AVE W; ROCK AVE ; 33 M,1/30/2020 11:58:49 AM,,
47172,17-275453,1512434940000,2017,12,5,0,49,0,Tuesday,544480.24511,4812743.55138,-80.450114,43.46629,Non intersection,2,P.D. only,Off highway,unknown,unknown,SMV other,Unknown,Dark,07 - Dark,Municipal (excl. Twp. Rd.),No control,unknown,0,0,0,False,False,False,Rain,,False,CARSON DR; CARSON DR ; At; 1 M,1/30/2020 11:58:48 AM,,
47173,17-276072,1512414000000,2017,12,4,19,0,0,Monday,541955.79896,4815742.45476,-80.48109,43.493438,At intersection,2,P.D. only,Within intersection,unknown,unknown,Angle,Unknown,"Dark, artificial","08 - Dark, artificial",Municipal (excl. Twp. Rd.),Yield sign,Functioning,0,0,0,False,False,False,Clear,,False,WOOLWICH ST; CARRIAGE WAY,3/7/2019 12:57:32 PM,,
47174,17-276220,1512511440000,2017,12,5,22,4,0,Tuesday,542866.29782,4810783.68831,-80.47022,43.448738,At intersection,1,Non-fatal injury,Within intersection,unknown,unknown,Angle,Unknown,"Dark, artificial","08 - Dark, artificial",Regional municipality,Stop sign,Functioning,0,0,0,False,False,False,Clear,,False,EAST AVE; STIRLING AVE N,1/30/2020 11:58:48 AM,,
47175,17-276488,1512500400000,2017,12,5,19,0,0,Tuesday,541848.89211,4808812.39282,-80.482944,43.431045999999995,At/near private drive,2,P.D. only,Thru lane,unknown,unknown,SMV unattended vehicle,Unknown,Dark,07 - Dark,Municipal (excl. Twp. Rd.),No control,unknown,0,0,0,False,False,False,Clear,,False,KELVIN AVE; KELVIN AVE ; Near,3/7/2019 12:57:31 PM,,
47176,17-276820,1512576000000,2017,12,6,16,0,0,Wednesday,541662.9689,4810409.51671,-80.48512,43.445437,At intersection,2,P.D. only,Within intersection,unknown,unknown,Angle,Unknown,Dusk,05 - Dusk,Regional municipality,Stop sign,Functioning,0,0,0,False,False,False,Clear,,False,CEDAR ST S; CHURCH ST,1/30/2020 11:58:47 AM,,
47177,17-276887,1512579000000,2017,12,6,16,50,0,Wednesday,540947.85042,4812330.99569,-80.493813,43.462776999999996,At/near private drive,2,P.D. only,Thru lane,unknown,unknown,Sideswipe,Unknown,"Dusk, artificial","06 - Dusk, artificial",Regional municipality,No control,unknown,0,0,0,False,False,False,Clear,,False,MARGARET AVE; MARGARET AVE; Near,3/7/2019 12:57:30 PM,,
47178,17-277395,1512565200000,2017,12,6,13,0,0,Wednesday,537298.28483,4807993.91605,-80.53922299999999,43.423916999999996,At/near private drive,2,P.D. only,Thru lane,unknown,unknown,SMV unattended vehicle,Unknown,Daylight,01 - Daylight,Municipal (excl. Twp. Rd.),No control,unknown,0,0,0,False,False,False,Clear,,False,HIGH ACRES CRES; HIGH ACRES CRES ; Near,3/7/2019 12:57:29 PM,,
47179,17-277461,1512644280000,2017,12,7,10,58,0,Thursday,541177.49202,4808252.81357,-80.491282,43.426044999999995,Non intersection,2,P.D. only,Thru lane,unknown,unknown,SMV other,Unknown,Daylight,01 - Daylight,Municipal (excl. Twp. Rd.),No control,unknown,0,0,0,False,False,False,Snow,,False,CHANDLER DR; STRASBURG RD; At; 5 M,1/30/2020 11:58:46 AM,,
47180,17-277475,1512636300000,2017,12,7,8,45,0,Thursday,544884.10344,4804849.28213,-80.44577,43.395185999999995,Intersection related,2,P.D. only,Thru lane,unknown,unknown,Rear end,Unknown,Daylight,01 - Daylight,Municipal (excl. Twp. Rd.),Traffic signal,Functioning,0,0,0,False,False,False,Clear,,False,DOON VILLAGE RD; PIONEER DR; At,1/30/2020 11:58:45 AM,,
47181,17-277548,1512647100000,2017,12,7,11,45,0,Thursday,541486.39847,4808957.19617,-80.48741199999999,43.43237,At/near private drive,2,P.D. only,Thru lane,unknown,unknown,Other,Unknown,Daylight,01 - Daylight,Municipal (excl. Twp. Rd.),No control,unknown,0,0,0,False,False,False,Snow,,False,SOUTHDALE AVE; SOUTHDALE AVE; At,3/7/2019 12:57:27 PM,,
47182,17-277559,1512646200000,2017,12,7,11,30,0,Thursday,535891.24927,4809416.85811,-80.556511,43.436797999999996,Non intersection,2,P.D. only,Right shoulder,unknown,unknown,SMV other,Unknown,Daylight,01 - Daylight,Municipal (excl. Twp. Rd.),No control,unknown,0,0,0,False,False,False,Rain,,False,LEMON GRASS CRES; LEMON GRASS CRES ; 1 M,1/30/2020 11:58:44 AM,,
47183,17-277793,1512514800000,2017,12,5,23,0,0,Tuesday,540965.71354,4812667.78189,-80.493566,43.465809,At/near private drive,2,P.D. only,Thru lane,unknown,unknown,SMV unattended vehicle,Unknown,Dark,07 - Dark,Municipal (excl. Twp. Rd.),No control,unknown,0,0,0,False,False,False,Clear,,False,FAIRFIELD AVE; FAIRFIELD AVE ; At; 1 M,1/30/2020 11:58:43 AM,,
47184,17-278486,1512751620000,2017,12,8,16,47,0,Friday,540732.43117,4808039.22657,-80.496796,43.424146,Intersection related,2,P.D. only,Not on roadway - right side,unknown,unknown,SMV other,Unknown,Daylight,01 - Daylight,Municipal (excl. Twp. Rd.),Stop sign,Functioning,0,0,0,False,False,False,Clear,,False,CHANDLER DR; ELMSDALE DR,1/30/2020 11:58:42 AM,,
47185,17-278557,1512757500000,2017,12,8,18,25,0,Friday,546220.73828,4808000.801,-80.429,43.423480999999995,Non intersection,2,P.D. only,Thru lane,unknown,unknown,SMV other,Unknown,Dark,07 - Dark,Municipal (excl. Twp. Rd.),No control,unknown,0,0,0,False,False,False,Clear,,False,HIDDEN VALLEY RD; HIDDEN VALLEY RD ; Near; 100 M,1/30/2020 11:58:41 AM,,
47186,17-278559,1512750600000,2017,12,8,16,30,0,Friday,543896.98641,4811908.70877,-80.457391,43.458808,Intersection related,2,P.D. only,Right turn lane,unknown,unknown,Rear end,Unknown,Daylight,01 - Daylight,Regional municipality,Stop sign,Functioning,0,0,0,False,False,False,Clear,,False,KRUG ST; RIVER RD E,3/7/2019 12:57:26 PM,,
47187,17-279018,1512720000000,2017,12,8,8,0,0,Friday,538658.80998,4807942.12974,-80.522419,43.423381,At intersection,2,P.D. only,Within intersection,unknown,unknown,SMV other,Unknown,"Daylight, artificial","02 - Daylight, artificial",Municipal (excl. Twp. Rd.),Stop sign,Functioning,0,0,0,False,False,False,Clear,,False,FOREST HILL DR; HICKORY HEIGHTS CRES,3/7/2019 12:57:25 PM,,
47188,17-279108,1512752400000,2017,12,8,17,0,0,Friday,541620.52649,4810729.05526,-80.48562,43.448316,Non intersection,2,P.D. only,Right shoulder,unknown,unknown,SMV unattended vehicle,Unknown,Daylight,01 - Daylight,Regional municipality,No control,unknown,0,0,0,False,False,False,Clear,,False,KING ST E; KING ST E,1/30/2020 11:58:40 AM,,
47189,17-279191,1512782700000,2017,12,9,1,25,0,Saturday,538776.53766,4806018.2883,-80.521101,43.406053,Non intersection,2,P.D. only,Thru lane,unknown,unknown,SMV unattended vehicle,Unknown,Dark,07 - Dark,Municipal (excl. Twp. Rd.),No control,unknown,0,0,0,False,False,False,Clear,,False,PEACH BLOSSOM CRES; DAVID BERGEY DR; Near,3/7/2019 12:57:24 PM,,
47190,17-279407,1512849600000,2017,12,9,20,0,0,Saturday,537471.66042,4810327.92715,-80.53692099999999,43.444924,Non intersection,2,P.D. only,Other,unknown,unknown,SMV other,Unknown,"Dark, artificial","08 - Dark, artificial",Regional municipality,No control,unknown,0,0,0,False,False,False,Snow,,False,GLASGOW ST; GLASGOW ST ; Near; 2 M,1/30/2020 11:58:39 AM,,
47191,17-279860,1512906780000,2017,12,10,11,53,0,Sunday,543663.78028,4808131.0577,-80.460576,43.424808,Non intersection,2,P.D. only,Not on roadway - right side,unknown,unknown,SMV other,Unknown,Daylight,01 - Daylight,Municipal (excl. Twp. Rd.),No control,unknown,0,0,0,False,False,False,Snow,,False,KIPLING AVE; VANIER DR ; Near; 30 M,1/30/2020 11:58:38 AM,,
47192,17-280401,1512979500000,2017,12,11,8,5,0,Monday,539610.82048,4809569.94039,-80.51054099999999,43.437988999999995,At/near private drive,2,P.D. only,Right turn lane,unknown,unknown,Turning movement,Unknown,Daylight,01 - Daylight,Municipal (excl. Twp. Rd.),No control,unknown,0,0,0,False,False,False,Snow,,False,LAWRENCE AVE ; HIGHLAND RD W; At; 1 M,1/30/2020 11:58:37 AM,,
47193,17-280747,1512762300000,2017,12,8,19,45,0,Friday,539575.32621,4809673.90798,-80.510972,43.438927,At/near private drive,2,P.D. only,Left turn lane,unknown,unknown,Turning movement,Unknown,Dark,07 - Dark,Regional municipality,No control,unknown,0,0,0,False,False,False,Snow,,False,LAWRENCE AVE; LAWRENCE AVE,3/7/2019 12:57:21 PM,,
47194,17-280870,1512415440000,2017,12,4,19,24,0,Monday,548056.5483,4806225.65673,-80.40647799999999,43.407382999999996,At/near private drive,2,P.D. only,Not on roadway - right side,unknown,unknown,SMV other,Unknown,Dark,07 - Dark,Private property,No control,unknown,0,0,0,False,False,False,Snow,,False,MASTER CRT ; MASTER CRT ; At; 2 M,1/30/2020 11:58:36 AM,,
47195,17-280926,1513027320000,2017,12,11,21,22,0,Monday,542169.9305,4805680.79657,-80.47922,43.402831,At/near private drive,2,P.D. only,Right shoulder,unknown,unknown,SMV other,Unknown,Dark,07 - Dark,Municipal (excl. Twp. Rd.),No control,unknown,0,0,0,False,False,False,Freezing Rain,,False,MCINTYRE DR; MCINTYRE DR ; At; 9 M,1/30/2020 11:58:35 AM,,
47196,17-281123,1513064400000,2017,12,12,7,40,0,Tuesday,545157.2078,4807238.82721,-80.442201,43.416685,Non intersection,1,Non-fatal injury,Thru lane,unknown,unknown,Rear end,Unknown,Daylight,01 - Daylight,Regional municipality,No control,unknown,0,0,0,False,False,False,Snow,,False,WILSON AVE; WEBSTER RD; Near; 25 M,1/30/2020 11:58:34 AM,,
47197,17-281169,1513067520000,2017,12,12,8,32,0,Tuesday,542455.04233,4807262.03549,-80.47557599999999,43.417052,At/near private drive,1,Non-fatal injury,Thru lane,unknown,unknown,Rear end,Unknown,Daylight,01 - Daylight,Municipal (excl. Twp. Rd.),No control,unknown,0,0,0,False,False,False,Snow,,False,COUNTRY HILL DR; COUNTRY HILL DR,1/30/2020 11:58:33 AM,,
47198,17-281335,1513083240000,2017,12,12,12,54,0,Tuesday,539490.75832,4810166.98964,-80.51198099999999,43.443371,Non intersection,2,P.D. only,Off highway,unknown,unknown,SMV other,Unknown,Daylight,01 - Daylight,Municipal (excl. Twp. Rd.),No control,unknown,0,0,0,False,False,False,Clear,,False,BELMONT AVE W; BELMONT AVE W; At; 5 M,1/30/2020 11:58:33 AM,,
47199,17-281423,1513086600000,2017,12,12,13,50,0,Tuesday,541737.03202,4807017.56517,-80.484464,43.414891,Non intersection,1,Non-fatal injury,Off highway,unknown,unknown,SMV other,Unknown,Daylight,01 - Daylight,Private property,No control,unknown,0,0,0,False,False,False,Drifting Snow,,False,BLACKHORNE CRES; BLACKHORNE CRES; At; 20 M,1/30/2020 11:58:32 AM,,
47200,17-281517,1513002600000,2017,12,11,14,30,0,Monday,543180.25298,4813787.79612,-80.46610199999999,43.475769,Non intersection,2,P.D. only,Thru lane,unknown,unknown,SMV other,Unknown,Daylight,01 - Daylight,Municipal (excl. Twp. Rd.),No control,unknown,0,0,0,False,False,False,Snow,,False,PAIGE ST; PAIGE ST ; Near,3/7/2019 12:57:20 PM,,
47201,17-281564,1513100820000,2017,12,12,17,47,0,Tuesday,541435.34542,4809823.90783,-80.487977,43.440177,At railway crossing,2,P.D. only,Right shoulder,unknown,unknown,SMV other,Unknown,Dark,07 - Dark,Municipal (excl. Twp. Rd.),Stop sign,Functioning,0,0,0,False,False,False,Snow,,False,MADISON AVE S; CN RAIL; At; 1 M,1/30/2020 11:58:31 AM,,
47202,17-281587,1513096200000,2017,12,12,16,30,0,Tuesday,542582.09116,4810127.52905,-80.473783,43.442845999999996,Intersection related,2,P.D. only,Other,unknown,unknown,Sideswipe,Unknown,Daylight,01 - Daylight,Regional municipality,Traffic signal,Functioning,0,0,0,False,False,False,Snow,,False,KING ST E; BORDEN AVE N; At,1/30/2020 11:58:29 AM,,
47203,17-281611,1513105080000,2017,12,12,18,58,0,Tuesday,541464.79969,4809536.28066,-80.487635,43.437585,At intersection,1,Non-fatal injury,Within intersection,unknown,unknown,SMV other,Unknown,Dark,07 - Dark,Municipal (excl. Twp. Rd.),Traffic signal,Functioning,0,0,0,True,False,False,Clear,,False,MILL ST; STIRLING AVE S,1/30/2020 11:58:29 AM,,
47204,17-281842,1513140600000,2017,12,13,4,50,0,Wednesday,543751.37766,4805550.83056,-80.459701,43.40157,Intersection related,2,P.D. only,Right shoulder,unknown,unknown,SMV other,Unknown,"Daylight, artificial","02 - Daylight, artificial",Municipal (excl. Twp. Rd.),Stop sign,Functioning,0,0,0,False,False,False,Clear,,False,TRILLIUM DR; BEASLEY DR,1/30/2020 11:58:28 AM,,
47205,17-282093,1513163880000,2017,12,13,11,18,0,Wednesday,540797.42549,4809181.87503,-80.495908,43.434431,At intersection,2,P.D. only,Within intersection,unknown,unknown,SMV other,Stop sign,Daylight,01 - Daylight,Regional municipality,Stop sign,Functioning,0,0,0,False,False,False,Clear,,False,STIRLING AVE S; PLEASANT AVE,1/30/2020 11:58:27 AM,,
47206,17-282243,1513175580000,2017,12,13,14,33,0,Wednesday,538136.73906,4809979.504,-80.52872599999999,43.441753,Non intersection,2,P.D. only,Not on roadway - right side,unknown,unknown,SMV other,Unknown,Daylight,01 - Daylight,Municipal (excl. Twp. Rd.),No control,unknown,0,0,0,False,False,False,Clear,,False,HAZELGLEN DR; HAZELGLEN DR; Near; 2 M,1/30/2020 11:58:26 AM,,
47207,17-282800,1513243920000,2017,12,14,9,32,0,Thursday,541708.04891,4808474.64461,-80.48470999999999,43.428013,Non intersection,2,P.D. only,Thru lane,unknown,unknown,Rear end,Unknown,Daylight,01 - Daylight,Regional municipality,No control,unknown,0,0,0,False,False,False,Clear,,False,HOMER WATSON BLVD; OTTAWA ST S; 245 M,1/30/2020 11:58:25 AM,,
47208,17-282812,1513200600000,2017,12,13,21,30,0,Wednesday,538062.84433,4808309.86089,-80.52975599999999,43.426722999999996,Intersection related,2,P.D. only,Left turn lane,unknown,unknown,Rear end,Unknown,Dark,07 - Dark,Regional municipality,Stop sign,Functioning,0,0,0,False,False,False,Snow,,False,WESTHEIGHTS DR; QUEENS BLVD,3/7/2019 12:57:19 PM,,
47209,17-282939,1513161000000,2017,12,13,10,30,0,Wednesday,540626.95552,4809999.89375,-80.497953,43.441804999999995,Non intersection,2,P.D. only,Not on roadway - right side,unknown,unknown,SMV other,Unknown,Daylight,01 - Daylight,Municipal (excl. Twp. Rd.),No control,unknown,0,0,0,False,False,False,Clear,,False,BROCK ST; BROCK ST,1/30/2020 11:58:24 AM,,
47210,17-282967,1513186200000,2017,12,13,17,30,0,Wednesday,545924.0497,4808720.72904,-80.432604,43.429981999999995,Non intersection,2,P.D. only,Thru lane,unknown,unknown,Rear end,Unknown,"Dark, artificial","08 - Dark, artificial",Municipal (excl. Twp. Rd.),No control,unknown,0,0,0,False,False,False,Snow,,False,MORGAN AVE; MORGAN AVE ; Near,3/7/2019 12:57:18 PM,,
47211,17-283437,1513298820000,2017,12,15,0,47,0,Friday,545193.43025,4804731.19691,-80.44196099999999,43.394104,Non intersection,2,P.D. only,Thru lane,unknown,unknown,SMV other,Unknown,Daylight,01 - Daylight,Municipal (excl. Twp. Rd.),No control,unknown,0,0,0,False,False,False,Snow,,False,PIONEER DR; PIONEER DRIVE; Near; 19 M,1/30/2020 11:58:23 AM,,
47212,17-283573,1513327500000,2017,12,15,8,45,0,Friday,540311.44029,4811547.02848,-80.50173699999999,43.455753,At intersection,2,P.D. only,Within intersection,unknown,unknown,Angle,Unknown,Daylight,01 - Daylight,Municipal (excl. Twp. Rd.),Stop sign,Functioning,0,0,0,False,False,False,Clear,,False,MOORE AVE; LOUISA ST,1/30/2020 11:58:22 AM,,
47213,17-283909,1513351320000,2017,12,15,15,22,0,Friday,538071.63451,4807548.72596,-80.5297,43.419869,At intersection,2,P.D. only,Within intersection,unknown,unknown,Turning movement,Unknown,Daylight,01 - Daylight,Municipal (excl. Twp. Rd.),Stop sign,Functioning,0,1,0,False,False,False,Snow,,False,WESTHEIGHTS DR; MCGARRY DR,1/30/2020 11:58:21 AM,,
47214,17-283934,1513351800000,2017,12,15,15,30,0,Friday,540414.51103,4810594.29576,-80.500534,43.447168999999995,At intersection,2,P.D. only,Within intersection,unknown,unknown,Angle,Unknown,Daylight,01 - Daylight,Municipal (excl. Twp. Rd.),Stop sign,Functioning,0,0,0,False,False,False,Snow,,False,PARK ST; JUBILEE DR; 4 M,1/30/2020 11:58:20 AM,,
47215,17-284395,1513353600000,2017,12,15,16,0,0,Friday,541848.78125,4811531.22006,-80.482737,43.455526,Non intersection,2,P.D. only,Thru lane,unknown,unknown,SMV unattended vehicle,Unknown,Daylight,01 - Daylight,Municipal (excl. Twp. Rd.),No control,unknown,0,0,0,False,False,False,Snow,,False,MANSION ST; MANSION ST; Near,3/7/2019 12:57:17 PM,,
47216,17-284474,1513350000000,2017,12,15,15,0,0,Friday,542857.07563,4804086.485,-80.47085899999999,43.388436999999996,Non intersection,2,P.D. only,Thru lane,unknown,unknown,SMV unattended vehicle,Unknown,Daylight,01 - Daylight,Municipal (excl. Twp. Rd.),No control,unknown,0,0,0,False,False,False,Snow,,False,NEWCASTLE DR; NEWCASTLE DR; Near,3/7/2019 12:57:16 PM,,
47217,17-284534,1513352400000,2017,12,15,15,40,0,Friday,539617.36704,4811374.85663,-80.510329,43.45424,Non intersection,2,Non-reportable,Thru lane,unknown,unknown,Rear end,Unknown,Daylight,01 - Daylight,Municipal (excl. Twp. Rd.),Traffic signal,Functioning,0,0,0,False,False,False,Snow,,False,PARK ST; GLASGOW ST; Near,1/30/2020 11:58:19 AM,,