OBJECTID,ACCIDENTNUM,ACCIDENTDATE,ACCIDENT_YEAR,ACCIDENT_MONTH,ACCIDENT_DAY,ACCIDENT_HOUR,ACCIDENT_MINUTE,ACCIDENT_SECOND,ACCIDENT_WEEKDAY,XCOORD,YCOORD,LONGITUDE,LATITUDE,ACCIDENTLOCATION,COLLISIONTYPE,CLASSIFICATIONOFACCIDENT,IMPACTLOCATION,INITIALDIRECTIONOFTRAVELONE,INITIALDIRECTIONOFTRAVELTWO,INITIALIMPACTTYPE,INTTRAFFICCONTROL,LIGHT,LIGHTFORREPORT,ROADJURISDICTION,TRAFFICCONTROL,TRAFFICCONTROLCONDITION,THRULANENO,NORTHBOUNDDISOBEYCOUNT,SOUTHBOUNDDISOBEYCOUNT,PEDESTRIANINVOLVED,CYCLISTINVOLVED,MOTORCYCLISTINVOLVED,ENVIRONMENTCONDITION1,ENVIRONMENTCONDITION2,SELFREPORTED,XMLIMPORTNOTES,LASTEDITEDDATE,CREATE_BY,CREATE_DATE
47218,17-284686,1513441440000,2017,12,16,16,24,0,Saturday,540335.32995,4805884.83188,-80.50186,43.404768999999995,At intersection,2,P.D. only,Within intersection,unknown,unknown,Turning movement,Unknown,Daylight,01 - Daylight,Municipal (excl. Twp. Rd.),Stop sign,Functioning,0,0,0,False,False,False,Clear,,False,MAX BECKER DR; HELENA FEASBY ST,1/30/2020 11:58:18 AM,,
47219,17-284997,1513471560000,2017,12,17,0,46,0,Sunday,543869.17504,4808170.20699,-80.45803599999999,43.425148,Non intersection,2,P.D. only,Left shoulder,unknown,unknown,SMV other,Unknown,"Dark, artificial","08 - Dark, artificial",Municipal (excl. Twp. Rd.),No control,unknown,0,0,0,False,False,False,Clear,,False,SIEBERT AVE; CLARK AVE; 30 M,1/30/2020 11:58:17 AM,,
47220,17-285193,1513511040000,2017,12,17,11,44,0,Sunday,543072.29562,4805497.55832,-80.468091,43.401129999999995,At intersection,1,Non-fatal injury,Within intersection,unknown,unknown,Angle,Unknown,Daylight,01 - Daylight,Regional municipality,Stop sign,Functioning,0,0,1,False,False,False,Clear,,False,TRILLIUM DR; STRASBURG RD,1/30/2020 11:58:16 AM,,
47221,17-285371,1513069200000,2017,12,12,9,0,0,Tuesday,539689.97334,4805682.60488,-80.509845,43.402982,At intersection,2,P.D. only,Within intersection,unknown,unknown,Angle,Unknown,Daylight,01 - Daylight,Municipal (excl. Twp. Rd.),Stop sign,Functioning,0,0,0,False,False,False,Clear,,False,DONNENWERTH DR; ACTIVA AVE,1/30/2020 11:58:15 AM,,
47222,17-285811,1513497600000,2017,12,17,8,0,0,Sunday,544087.45984,4809227.28171,-80.455254,43.434653,Non intersection,2,P.D. only,Thru lane,unknown,unknown,SMV unattended vehicle,Unknown,Daylight,01 - Daylight,Municipal (excl. Twp. Rd.),No control,unknown,0,0,0,False,False,False,Clear,,False,SECOND AVE; SECOND AVE; Near; 1 M,3/7/2019 12:57:14 PM,,
47223,17-285814,1513589340000,2017,12,18,9,29,0,Monday,542983.55344,4812129.85339,-80.46866399999999,43.460851999999996,Intersection related,2,P.D. only,Not on roadway - right side,unknown,unknown,SMV other,Unknown,Daylight,01 - Daylight,Regional municipality,Stop sign,Functioning,0,0,0,False,False,False,Clear,,False,BRUCE ST; EPHRAIM ST; At,1/30/2020 11:58:14 AM,,
47224,17-285943,1513517400000,2017,12,17,13,30,0,Sunday,543098.70504,4810886.48552,-80.467339,43.44965,At/near private drive,2,P.D. only,Thru lane,unknown,unknown,SMV unattended vehicle,Unknown,Daylight,01 - Daylight,Municipal (excl. Twp. Rd.),No control,unknown,0,0,0,False,False,False,Clear,,False,STIRLING AVE N; STIRLING AVE N; At,3/7/2019 12:57:13 PM,,
47225,17-285964,1513476000000,2017,12,17,2,0,0,Sunday,538448.24961,4806644.22433,-80.525112,43.411705999999995,Non intersection,2,P.D. only,Thru lane,unknown,unknown,SMV unattended vehicle,Unknown,"Dark, artificial","08 - Dark, artificial",Municipal (excl. Twp. Rd.),No control,unknown,0,0,0,False,False,False,Clear,,False,FOXGLOVE CRES; FOXGLOVE CRES; Near,3/7/2019 12:57:12 PM,,
47226,17-286511,1513669200000,2017,12,19,7,40,0,Tuesday,539574.66907,4810752.02678,-80.510902,43.448634,At/near private drive,2,P.D. only,Thru lane,unknown,unknown,Angle,Unknown,Dawn,03 - Dawn,Municipal (excl. Twp. Rd.),No control,unknown,0,0,0,False,False,False,Clear,,False,GAGE AVE; GAGE AVE,1/30/2020 11:58:14 AM,,
47227,17-286515,1513672860000,2017,12,19,8,41,0,Tuesday,542736.7296,4811735.51087,-80.471746,43.457316,At/near private drive,2,P.D. only,Left turn lane,unknown,unknown,Turning movement,Unknown,Daylight,01 - Daylight,Regional municipality,No control,unknown,0,0,0,False,False,False,Clear,,False,EDNA ST; FREDERICK ST ; Near; 10 M,1/30/2020 11:58:13 AM,,
47228,17-286849,1513625400000,2017,12,18,19,30,0,Monday,541877.89155,4803493.72001,-80.48299399999999,43.383154,At intersection,2,P.D. only,Within intersection,unknown,unknown,Angle,Unknown,"Dark, artificial","08 - Dark, artificial",Regional municipality,Yield sign,Functioning,0,0,0,False,False,False,Clear,,False,HURON RD; WOODBINE AVE,1/30/2020 11:58:12 AM,,
47229,17-286975,1513714680000,2017,12,19,20,18,0,Tuesday,538888.17664,4808655.77242,-80.51953499999999,43.429795,At intersection,1,Non-fatal injury,Within intersection,unknown,unknown,SMV other,Unknown,"Dark, artificial","08 - Dark, artificial",Municipal (excl. Twp. Rd.),Stop sign,Functioning,0,0,0,True,False,False,Clear,,False,QUEENS BLVD; EAGEN DR,1/30/2020 11:58:12 AM,,
47230,17-287015,1513718160000,2017,12,19,21,16,0,Tuesday,543203.71834,4811014.78604,-80.466031,43.450798999999996,Non intersection,2,P.D. only,Thru lane,unknown,unknown,SMV unattended vehicle,Unknown,"Dark, artificial","08 - Dark, artificial",Municipal (excl. Twp. Rd.),No control,unknown,0,0,0,False,False,False,Clear,,False,DUMFRIES AVE; DUMFRIES AVE ; Near; 13 M,1/30/2020 11:58:11 AM,,
47231,17-287296,1513760400000,2017,12,20,9,0,0,Wednesday,545530.77512,4804619.47852,-80.437805,43.393077999999996,Non intersection,2,P.D. only,Thru lane,unknown,unknown,SMV unattended vehicle,Unknown,Daylight,01 - Daylight,Municipal (excl. Twp. Rd.),No control,unknown,0,0,0,False,False,False,Clear,,False,BECHTEL DR; BECHTEL DR,1/30/2020 11:58:10 AM,,
47232,17-287564,1513782000000,2017,12,20,15,0,0,Wednesday,544628.31342,4806287.21224,-80.44881099999999,43.408148999999995,At intersection,2,P.D. only,Within intersection,unknown,unknown,Rear end,Unknown,Daylight,01 - Daylight,Regional municipality,Traffic signal,Functioning,0,0,0,False,False,False,Clear,,False,WABANAKI DR; MANITOU DR,1/30/2020 11:58:09 AM,,
47233,17-288058,1513850280000,2017,12,21,9,58,0,Thursday,539617.53561,4811376.21918,-80.51032599999999,43.454252,Intersection related,2,P.D. only,Thru lane,unknown,unknown,Sideswipe,Unknown,Daylight,01 - Daylight,Municipal (excl. Twp. Rd.),Traffic signal,Functioning,0,0,0,False,False,False,Clear,,False,PARK ST ; GLASGOW ST; Near; 60 M,1/30/2020 11:58:08 AM,,
47234,17-288327,1513870800000,2017,12,21,15,40,0,Thursday,543206.69541,4805549.24109,-80.466427,43.401587,At intersection,2,P.D. only,Within intersection,unknown,unknown,Turning movement,Unknown,Daylight,01 - Daylight,Municipal (excl. Twp. Rd.),Stop sign,Functioning,0,0,0,False,False,False,Clear,,False,TRILLIUM DR; SHOEMAKER ST,1/30/2020 11:58:07 AM,,
47235,17-288374,1513869600000,2017,12,21,15,20,0,Thursday,543417.16665,4812397.88438,-80.46328299999999,43.46324,At/near private drive,2,P.D. only,Right shoulder,unknown,unknown,SMV unattended vehicle,Unknown,Daylight,01 - Daylight,Private property,No control,unknown,0,0,0,False,False,False,Clear,,False,CORONET LANE ; RIVER RD E; At,1/30/2020 11:58:07 AM,,
47236,17-288445,1513843200000,2017,12,21,8,0,0,Thursday,542610.61932,4806682.31353,-80.473699,43.411823999999996,At intersection,2,P.D. only,Within intersection,unknown,unknown,Turning movement,Unknown,Daylight,01 - Daylight,Municipal (excl. Twp. Rd.),Stop sign,Functioning,0,0,0,False,False,False,Clear,,False,OLD COUNTRY DR; CENTURY HILL DR,1/30/2020 11:58:06 AM,,
47237,17-288515,1513884960000,2017,12,21,19,36,0,Thursday,544692.386,4809058.25101,-80.44779299999999,43.433095,Intersection related,2,P.D. only,Thru lane,unknown,unknown,Rear end,Unknown,Dark,07 - Dark,Municipal (excl. Twp. Rd.),Stop sign,Functioning,0,0,0,False,False,False,Snow,,False,KINGSWAY DR; EIGHTH AVE; Near; 50 M,1/30/2020 11:58:06 AM,,
47238,17-288598,1513893060000,2017,12,21,21,51,0,Thursday,540920.43576,4810568.3427,-80.494284,43.446908,Non intersection,2,P.D. only,Right shoulder,unknown,unknown,Rear end,Unknown,Dark,07 - Dark,Municipal (excl. Twp. Rd.),No control,unknown,0,0,0,False,False,False,Snow,,False,DAVID ST; COURTLAND AVE W; Near; 10 M,1/30/2020 11:58:05 AM,,
47239,17-288632,1513896180000,2017,12,21,22,43,0,Thursday,540942.03234,4808772.0098,-80.494152,43.430732,Non intersection,2,P.D. only,Right shoulder,unknown,unknown,SMV other,Unknown,Dark,07 - Dark,Regional municipality,No control,unknown,0,0,0,False,False,False,Snow,,False,HOMER WATSON BLVD ; STIRLING AVE S; 200 M,1/30/2020 11:58:04 AM,,
47240,17-288650,1513897380000,2017,12,21,23,3,0,Thursday,539404.05442,4810383.18077,-80.513037,43.445322,At intersection,2,P.D. only,Within intersection,unknown,unknown,SMV other,Unknown,Dark,07 - Dark,Municipal (excl. Twp. Rd.),Stop sign,Functioning,0,0,0,False,False,False,Snow,,False,KARN ST; BELMONT AVE W,1/30/2020 11:58:03 AM,,
47241,17-288854,1513928400000,2017,12,22,7,40,0,Friday,539315.50578,4810614.51302,-80.51411399999999,43.44741,At intersection,2,P.D. only,Within intersection,unknown,unknown,Turning movement,Unknown,Daylight,01 - Daylight,Municipal (excl. Twp. Rd.),Traffic signal,Functioning,0,0,0,False,False,False,Clear,,False,BELMONT AVE W; GAGE AVE,1/30/2020 11:58:02 AM,,
47242,17-288871,1513934100000,2017,12,22,9,15,0,Friday,541854.734,4803510.59355,-80.483278,43.383308,Intersection related,2,P.D. only,Not on roadway - right side,unknown,unknown,SMV other,Unknown,Daylight,01 - Daylight,Regional municipality,Yield sign,Functioning,0,0,0,False,False,False,Snow,,False,HURON RD; WOODBINE AVE; 15 M,1/30/2020 11:58:01 AM,,
47243,17-288872,1513504320000,2017,12,17,9,52,0,Sunday,542162.19686,4809202.2584,-80.47904299999999,43.434539,Non intersection,2,P.D. only,Thru lane,unknown,unknown,Rear end,Unknown,Daylight,01 - Daylight,Regional municipality,No control,unknown,0,0,0,False,False,False,Snow,,False,MILL ST; CN RAIL; 13 M,1/30/2020 11:58:00 AM,,
47244,17-289147,1513959480000,2017,12,22,16,18,0,Friday,544633.24582,4811995.41987,-80.448284,43.459545,Intersection related,2,P.D. only,Right turn lane,unknown,unknown,Turning movement,Unknown,Dusk,05 - Dusk,Municipal (excl. Twp. Rd.),Stop sign,Functioning,0,0,0,False,False,False,Snow,,False,CARSON DR; STRATHCONA CRES,1/30/2020 11:57:59 AM,,
47245,17-289159,1513955700000,2017,12,22,15,15,0,Friday,539820.46328,4810707.95409,-80.50786699999999,43.448223999999996,At/near private drive,2,P.D. only,Thru lane,unknown,unknown,Angle,Unknown,Daylight,01 - Daylight,Municipal (excl. Twp. Rd.),No control,unknown,0,0,0,False,False,False,Clear,,False,STRANGE ST; STRANGE ST,1/30/2020 11:57:58 AM,,
47246,17-289171,1513953000000,2017,12,22,14,30,0,Friday,542917.90439,4807312.57076,-80.469855,43.417480999999995,Non intersection,2,P.D. only,Thru lane,unknown,unknown,Rear end,Unknown,Daylight,01 - Daylight,Municipal (excl. Twp. Rd.),No control,unknown,0,0,0,False,False,False,Clear,,False,BLOCK LINE RD; HOMER WATSON BLVD; Near; 100 M,1/30/2020 11:57:57 AM,,
47247,17-289766,1514033880000,2017,12,23,12,58,0,Saturday,539643.0376,4806490.78842,-80.51036599999999,43.410261999999996,Non intersection,2,P.D. only,Thru lane,unknown,unknown,SMV unattended vehicle,Unknown,Daylight,01 - Daylight,Municipal (excl. Twp. Rd.),No control,unknown,0,0,0,False,False,False,Clear,,False,WILDERNESS DR; WILDERNESS DR ; Near; 11 M,1/30/2020 11:57:56 AM,,
47248,17-289777,1514034600000,2017,12,23,13,10,0,Saturday,538693.72245,4811363.85199,-80.521745,43.454189,At intersection,2,P.D. only,Within intersection,unknown,unknown,Angle,Unknown,Daylight,01 - Daylight,Municipal (excl. Twp. Rd.),Stop sign,Functioning,0,0,0,False,False,False,Clear,,False,UNION BLVD ; AVONDALE AVE,1/30/2020 11:57:55 AM,,
47249,17-289784,1514035680000,2017,12,23,13,28,0,Saturday,546121.00333,4812377.00991,-80.429862,43.462891,At/near private drive,2,P.D. only,Thru lane,unknown,unknown,SMV unattended vehicle,Unknown,Daylight,01 - Daylight,Municipal (excl. Twp. Rd.),No control,unknown,0,0,0,False,False,False,Snow,,False,KEEWATIN AVE; KEEWATIN AVE ; Near; 2 M,1/30/2020 11:57:54 AM,,
47250,17-289837,1514034000000,2017,12,23,13,0,0,Saturday,541708.34985,4810677.85467,-80.484538,43.447849999999995,Non intersection,2,P.D. only,Thru lane,unknown,unknown,Other,Unknown,Daylight,01 - Daylight,Regional municipality,No control,unknown,0,0,0,False,False,False,Snow,,False,KING ST E; EBY ST N; Near,1/30/2020 11:57:53 AM,,
47251,17-290186,1514075880000,2017,12,24,0,38,0,Sunday,540973.28186,4805842.47275,-80.493985,43.404353,At intersection,2,P.D. only,Within intersection,unknown,unknown,SMV other,Unknown,"Dark, artificial","08 - Dark, artificial",Municipal (excl. Twp. Rd.),Stop sign,Functioning,0,0,0,False,False,False,Clear,,False,ERINBROOK DR ; TAMVALE CRES,1/30/2020 11:57:52 AM,,
47252,17-290333,1514052000000,2017,12,23,18,0,0,Saturday,545067.11567,4807904.89017,-80.443259,43.422688,At/near private drive,2,P.D. only,Thru lane,unknown,unknown,Turning movement,Unknown,"Dark, artificial","08 - Dark, artificial",Municipal (excl. Twp. Rd.),No control,unknown,0,0,0,False,False,False,Clear,,False,KINGSWAY DR; KINGSWAY DR; At,1/30/2020 11:57:51 AM,,
47253,17-290355,1514110620000,2017,12,24,10,17,0,Sunday,537215.30386,4809272.36916,-80.540161,43.435432,Non intersection,2,P.D. only,Right shoulder,unknown,unknown,SMV other,Unknown,Daylight,01 - Daylight,Municipal (excl. Twp. Rd.),No control,unknown,0,0,0,False,False,False,Clear,,False,WESTFOREST TRAIL; WESTFOREST TRAIL ; At; 1 M,1/30/2020 11:57:50 AM,,
47254,17-290420,1514116200000,2017,12,24,11,50,0,Sunday,542011.00517,4810481.14615,-80.480813,43.446062,At intersection,2,P.D. only,Within intersection,unknown,unknown,Angle,Unknown,Daylight,01 - Daylight,Regional municipality,Stop sign,Functioning,0,0,0,False,False,False,Clear,,False,KING ST E; CAMERON ST N,1/30/2020 11:57:49 AM,,
47255,17-290443,1514055600000,2017,12,23,19,0,0,Saturday,542438.32449,4810479.66815,-80.475532,43.446025,Non intersection,2,P.D. only,Thru lane,unknown,unknown,SMV unattended vehicle,Unknown,Dark,07 - Dark,Regional municipality,No control,unknown,0,0,0,False,False,False,Clear,,False,STIRLING AVE N; WEBER ST E,1/30/2020 11:57:49 AM,,
47256,17-290559,1514132160000,2017,12,24,16,16,0,Sunday,535497.3944,4809350.05527,-80.561382,43.436215,At intersection,2,P.D. only,Off highway,unknown,unknown,Angle,Unknown,Dusk,05 - Dusk,Private property,Yield sign,Not functioning,0,0,0,False,False,False,Snow,,False,THE BOARDWALK  ; THE BOARDWALK MALL LANE,1/30/2020 11:57:48 AM,,
47257,17-290580,1514133900000,2017,12,24,16,45,0,Sunday,542307.02621,4811039.35192,-80.47711199999999,43.451071999999996,At intersection,1,Non-fatal injury,Within intersection,unknown,unknown,Angle,Unknown,Daylight,01 - Daylight,Municipal (excl. Twp. Rd.),Stop sign,Functioning,0,0,1,False,False,False,Snow,,False,KRUG ST; SAMUEL ST,1/30/2020 11:57:47 AM,,
47258,17-291052,1514206200000,2017,12,25,12,50,0,Monday,540625.78251,4800780.33569,-80.49865199999999,43.358792,Non intersection,2,P.D. only,Left shoulder,unknown,unknown,SMV other,Unknown,Daylight,01 - Daylight,Municipal (excl. Twp. Rd.),No control,unknown,0,0,0,False,False,False,Snow,,False,PLAINS RD; PLAINS RD ; Near; 10 M,1/30/2020 11:57:46 AM,,
47259,17-291105,1514211900000,2017,12,25,14,25,0,Monday,544082.02083,4803917.16578,-80.455749,43.386841,Intersection related,2,P.D. only,Not on roadway - right side,unknown,unknown,SMV other,Unknown,Daylight,01 - Daylight,Municipal (excl. Twp. Rd.),Stop sign,Functioning,0,0,0,False,False,False,Snow,,False,CARYNDALE DR; BIEHN DR; Near; 15 M,1/30/2020 11:57:45 AM,,
47260,17-291160,1514219040000,2017,12,25,16,24,0,Monday,542900.13093,4803690.17352,-80.47035799999999,43.384865999999995,Intersection related,2,P.D. only,Thru lane,unknown,unknown,SMV unattended vehicle,Unknown,Daylight,01 - Daylight,Municipal (excl. Twp. Rd.),Stop sign,Functioning,0,0,0,False,False,False,Snow,,False,NEWCASTLE DR; ROCKLIFFE DR; 25 M,1/30/2020 11:57:44 AM,,
47261,17-291529,1514280120000,2017,12,26,9,22,0,Tuesday,540964.20664,4811614.51104,-80.493664,43.456325,Non intersection,2,P.D. only,Thru lane,unknown,unknown,SMV unattended vehicle,Unknown,Daylight,01 - Daylight,Municipal (excl. Twp. Rd.),No control,unknown,0,0,0,False,False,False,Snow,,False,BREITHAUPT ST; AHRENS ST W; Near; 100 M,1/30/2020 11:57:43 AM,,
47262,17-291575,1514286180000,2017,12,26,11,3,0,Tuesday,546247.77116,4808559.51366,-80.428618,43.428509999999996,Non intersection,2,P.D. only,Not on roadway - right side,unknown,unknown,SMV other,Unknown,Daylight,01 - Daylight,Municipal (excl. Twp. Rd.),No control,unknown,0,0,0,False,False,False,Clear,,False,MORGAN AVE; SOUTHILL DR ; Near; 20 M,1/30/2020 11:57:42 AM,,
47263,17-291658,1514211300000,2017,12,25,14,15,0,Monday,538784.61895,4810965.70093,-80.52065,43.450599,At intersection,2,P.D. only,Within intersection,unknown,unknown,Angle,Unknown,Daylight,01 - Daylight,Municipal (excl. Twp. Rd.),Stop sign,Functioning,0,0,0,False,False,False,Snow,,False,GLASGOW ST; DUNBAR RD,1/30/2020 11:57:41 AM,,
47264,17-291671,1514124600000,2017,12,24,14,10,0,Sunday,540473.74569,4809718.40407,-80.499867,43.439279,At/near private drive,2,Non-reportable,Thru lane,unknown,unknown,Turning movement,Unknown,Daylight,01 - Daylight,Regional municipality,No control,unknown,0,0,0,False,False,False,Clear,,False,QUEENS BLVD ; HIGHLAND RD W,1/30/2020 11:57:40 AM,,
47265,17-292067,1514291400000,2017,12,26,12,30,0,Tuesday,544247.01823,4807807.71298,-80.453397,43.421862,Non intersection,2,P.D. only,Thru lane,unknown,unknown,Rear end,Unknown,Daylight,01 - Daylight,Municipal (excl. Twp. Rd.),No control,unknown,0,0,0,False,False,False,Clear,,False,TRAYNOR AVE; REYBURN AVE; Near; 100 M,1/30/2020 11:57:39 AM,,
47266,17-292074,1514210400000,2017,12,25,14,0,0,Monday,538371.63975,4807344.1427,-80.526009,43.418012,At/near private drive,2,P.D. only,Thru lane,unknown,unknown,SMV unattended vehicle,Unknown,Daylight,01 - Daylight,Municipal (excl. Twp. Rd.),No control,unknown,0,0,0,False,False,False,Clear,,False,GLEN PARK CRES; GLEN PARK CRES; Near,1/30/2020 11:57:38 AM,,
47267,17-292082,1514364540000,2017,12,27,8,49,0,Wednesday,540280.94428,4809296.64635,-80.502281,43.435491999999996,Non intersection,2,P.D. only,Thru lane,unknown,unknown,SMV unattended vehicle,Unknown,Daylight,01 - Daylight,Municipal (excl. Twp. Rd.),No control,unknown,0,0,0,False,False,False,Clear,,False,BELMONT AVE E; SOUTH DR ; 100 M,1/30/2020 11:57:37 AM,,
47268,17-292144,1514371620000,2017,12,27,10,47,0,Wednesday,537360.92473,4808155.81335,-80.538438,43.425371,Non intersection,2,P.D. only,Not on roadway - right side,unknown,unknown,SMV other,Unknown,Daylight,01 - Daylight,Municipal (excl. Twp. Rd.),No control,unknown,0,0,0,False,False,False,Snow,,False,BLACKWELL DR ; BLACKWELL DR ; Near; 2 M,1/30/2020 11:57:36 AM,,
47269,17-292232,1514315700000,2017,12,26,19,15,0,Tuesday,549835.88675,4805853.10198,-80.384537,43.403912,At/near private drive,2,P.D. only,Two-way left turn lane,unknown,unknown,Rear end,Unknown,Dark,07 - Dark,Regional municipality,No control,unknown,0,0,0,False,False,False,Snow,,False,KING ST E; KING ST E; At,1/30/2020 11:57:35 AM,,
47270,17-292256,1514133900000,2017,12,24,16,45,0,Sunday,539631.14914,4805862.1532,-80.510558,43.404602,At intersection,2,P.D. only,Within intersection,unknown,unknown,Rear end,Unknown,"Dusk, artificial","06 - Dusk, artificial",Municipal (excl. Twp. Rd.),Stop sign,Functioning,0,0,0,False,False,False,Snow,,False,MAX BECKER DR; BRIDLEWREATH ST,1/30/2020 11:57:35 AM,,
47271,17-292321,1514358000000,2017,12,27,7,0,0,Wednesday,543345.62307,4812851.4232,-80.464131,43.467327999999995,Non intersection,2,P.D. only,Thru lane,unknown,unknown,Sideswipe,Unknown,"Dark, artificial","08 - Dark, artificial",Municipal (excl. Twp. Rd.),No control,unknown,0,0,0,False,False,False,Clear,,False,SHIRLEY AVE; RIVERBEND DR; Near,1/30/2020 11:57:34 AM,,
47272,17-292402,1514385720000,2017,12,27,14,42,0,Wednesday,541168.55242,4810981.24135,-80.491186,43.450612,Non intersection,2,P.D. only,Thru lane,unknown,unknown,Sideswipe,Unknown,Daylight,01 - Daylight,Regional municipality,No control,unknown,0,0,0,False,False,False,Clear,,False,KING ST W; KING ST W; Near,1/30/2020 11:57:33 AM,,
47273,17-292443,1514392200000,2017,12,27,16,30,0,Wednesday,541961.63661,4810687.31853,-80.48140699999999,43.447921,Non intersection,2,P.D. only,Thru lane,unknown,unknown,Sideswipe,Unknown,Daylight,01 - Daylight,Municipal (excl. Twp. Rd.),No control,unknown,0,0,0,False,False,False,Clear,,False,DUKE ST E; CEDAR ST N; Near; 100 M,1/30/2020 11:57:32 AM,,
47274,17-292516,1514390400000,2017,12,27,16,0,0,Wednesday,540968.02932,4811204.37053,-80.493648,43.452632,Non intersection,2,P.D. only,Thru lane,unknown,unknown,SMV unattended vehicle,Unknown,Daylight,01 - Daylight,Municipal (excl. Twp. Rd.),No control,unknown,0,0,0,False,False,False,Snow,,False,DUKE ST W; DUKE ST W; Near,1/30/2020 11:57:31 AM,,
47275,17-292770,1514370600000,2017,12,27,10,30,0,Wednesday,543420.124,4811355.08171,-80.46333,43.453851,At/near private drive,2,P.D. only,Thru lane,unknown,unknown,Other,Unknown,Daylight,01 - Daylight,Municipal (excl. Twp. Rd.),No control,unknown,0,0,0,False,False,False,Clear,,False,LAYTON ST; LAYTON ST ; At; 2 M,1/30/2020 11:57:30 AM,,
47276,17-292803,1514453400000,2017,12,28,9,30,0,Thursday,541225.3373,4811868.46068,-80.490417,43.458597,At intersection,2,P.D. only,Within intersection,unknown,unknown,Turning movement,Unknown,Daylight,01 - Daylight,Municipal (excl. Twp. Rd.),Traffic signal,Functioning,0,0,0,False,False,False,Clear,,False,MARGARET AVE ; WELLINGTON ST N,1/30/2020 11:57:29 AM,,
47277,17-292935,1514228400000,2017,12,25,19,0,0,Monday,544437.15341,4808716.57243,-80.450975,43.430034,Non intersection,2,P.D. only,Right shoulder,unknown,unknown,SMV unattended vehicle,Unknown,Other,99 - Other,Municipal (excl. Twp. Rd.),No control,unknown,0,0,0,False,False,False,Snow,,False,CONNAUGHT ST ; FRANKLIN ST S; Near; 5 M,1/30/2020 11:57:28 AM,,
47278,17-293050,1514037600000,2017,12,23,14,0,0,Saturday,545049.25549,4810838.30432,-80.443237,43.449101999999996,Intersection related,2,P.D. only,Thru lane,unknown,unknown,Rear end,Unknown,Daylight,01 - Daylight,Municipal (excl. Twp. Rd.),Traffic signal,Functioning,0,0,0,False,False,False,Snow,,False,RIVER RD E; HOLBORN DR,1/30/2020 11:57:27 AM,,
47279,17-293083,1514479320000,2017,12,28,16,42,0,Thursday,544116.82966,4811894.48466,-80.454675,43.458667,Intersection related,2,P.D. only,Thru lane,unknown,unknown,Rear end,Unknown,Daylight,01 - Daylight,Municipal (excl. Twp. Rd.),Stop sign,Functioning,0,0,0,False,False,False,Clear,,False,MANCHESTER RD; RIVER RD E; At; 5 M,1/30/2020 11:57:26 AM,,
47280,17-293130,1514484900000,2017,12,28,18,15,0,Thursday,543988.51337,4807776.39235,-80.456593,43.421594999999996,At intersection,2,P.D. only,Within intersection,unknown,unknown,Turning movement,Unknown,Dark,07 - Dark,Municipal (excl. Twp. Rd.),Stop sign,Functioning,0,0,0,False,False,False,Clear,,False,VANIER DR; SIEBERT AVE,1/30/2020 11:57:26 AM,,
47281,17-293620,1514498400000,2017,12,28,22,0,0,Thursday,539404.36002,4810384.09755,-80.513033,43.44533,Intersection related,1,Non-fatal injury,Thru lane,unknown,unknown,Rear end,Unknown,"Dark, artificial","08 - Dark, artificial",Regional municipality,Stop sign,Functioning,0,0,0,False,False,False,Clear,,False,BELMONT AVE W; KARN ST,1/30/2020 11:57:25 AM,,
47282,17-293684,1514557740000,2017,12,29,14,29,0,Friday,539108.47381,4809032.36803,-80.516786,43.433175,At intersection,2,P.D. only,Within intersection,unknown,unknown,Turning movement,Unknown,Daylight,01 - Daylight,Municipal (excl. Twp. Rd.),Stop sign,Functioning,0,0,0,False,False,False,Clear,,False,OVERLEA CRT ; OVERLEA DR,1/30/2020 11:57:24 AM,,
47283,17-293704,1514520000000,2017,12,29,4,0,0,Friday,544036.92421,4809306.97962,-80.455872,43.435373999999996,Non intersection,2,P.D. only,Not on roadway - left side,unknown,unknown,SMV other,Unknown,Dark,07 - Dark,Municipal (excl. Twp. Rd.),No control,unknown,0,0,0,False,False,False,Freezing Rain,,False,FIRST AVE; KINGSWAY DR; At,1/30/2020 11:57:23 AM,,
47284,17-293708,1514489400000,2017,12,28,19,30,0,Thursday,539538.14487,4805460.92186,-80.511736,43.400994,Non intersection,2,Non-reportable,Thru lane,unknown,unknown,Sideswipe,Unknown,"Dark, artificial","08 - Dark, artificial",Municipal (excl. Twp. Rd.),No control,unknown,0,0,0,False,False,False,Snow,,False,PERIWINKLE ST; PERIWINKLE ST,1/30/2020 11:57:22 AM,,
47285,17-293734,1514532000000,2017,12,29,7,20,0,Friday,539597.2512,4805611.3899,-80.510995,43.402346,At/near private drive,2,P.D. only,Right shoulder,unknown,unknown,SMV unattended vehicle,Unknown,Dawn,03 - Dawn,Municipal (excl. Twp. Rd.),No control,unknown,0,0,0,False,False,False,Snow,,False,ACTIVA AVE; ACTIVA AVE ; Near; 4 M,1/30/2020 11:57:21 AM,,
47286,17-293862,1514572920000,2017,12,29,18,42,0,Friday,541182.76696,4811961.70368,-80.490937,43.459438999999996,Intersection related,2,P.D. only,Not on roadway - left side,unknown,unknown,SMV other,Unknown,"Daylight, artificial","02 - Daylight, artificial",Municipal (excl. Twp. Rd.),Stop sign,Functioning,0,0,0,False,False,False,Snow,,False,LOUISA ST; MARGARET AVE,1/30/2020 11:57:20 AM,,