OBJECTID,ACCIDENTNUM,ACCIDENTDATE,ACCIDENT_YEAR,ACCIDENT_MONTH,ACCIDENT_DAY,ACCIDENT_HOUR,ACCIDENT_MINUTE,ACCIDENT_SECOND,ACCIDENT_WEEKDAY,XCOORD,YCOORD,LONGITUDE,LATITUDE,ACCIDENTLOCATION,COLLISIONTYPE,CLASSIFICATIONOFACCIDENT,IMPACTLOCATION,INITIALDIRECTIONOFTRAVELONE,INITIALDIRECTIONOFTRAVELTWO,INITIALIMPACTTYPE,INTTRAFFICCONTROL,LIGHT,LIGHTFORREPORT,ROADJURISDICTION,TRAFFICCONTROL,TRAFFICCONTROLCONDITION,THRULANENO,NORTHBOUNDDISOBEYCOUNT,SOUTHBOUNDDISOBEYCOUNT,PEDESTRIANINVOLVED,CYCLISTINVOLVED,MOTORCYCLISTINVOLVED,ENVIRONMENTCONDITION1,ENVIRONMENTCONDITION2,SELFREPORTED,XMLIMPORTNOTES,LASTEDITEDDATE,CREATE_BY,CREATE_DATE
47767,18-096232,1525196700000,2018,5,1,17,45,0,Tuesday,543469.31578,4809528.16178,-80.462867,43.437397999999995,Intersection related,2,P.D. only,Not on roadway - right side,unknown,unknown,SMV other,Unknown,Daylight,01 - Daylight,Municipal (excl. Twp. Rd.),Stop sign,Functioning,0,0,0,False,False,False,Clear,,False,ROCKWAY DR; ROCKWAY DR ; At,1/30/2020 11:49:51 AM,,
47768,18-096834,1525176000000,2018,5,1,12,0,0,Tuesday,540026.01385,4808523.64257,-80.505487,43.428546,Non intersection,2,P.D. only,Thru lane,unknown,unknown,SMV unattended vehicle,Unknown,Daylight,01 - Daylight,Municipal (excl. Twp. Rd.),No control,unknown,0,0,0,False,False,False,Clear,,False,GREENBROOK DR; GREENBROOK DR ; Near,1/30/2020 11:49:51 AM,,
47769,18-097136,1525284240000,2018,5,2,18,4,0,Wednesday,544815.96707,4809775.88081,-80.446208,43.439549,Non intersection,2,P.D. only,Right shoulder,unknown,unknown,Sideswipe,Unknown,Daylight,01 - Daylight,Regional municipality,No control,unknown,0,0,0,False,False,False,Clear,,False,FRANKLIN ST N; TRAFALGAR AVE; 20 M,1/30/2020 11:49:50 AM,,
47770,18-097207,1525204800000,2018,5,1,20,0,0,Tuesday,541390.0407,4806897.99724,-80.488759,43.413834,At/near private drive,2,P.D. only,Thru lane,unknown,unknown,SMV unattended vehicle,Unknown,Daylight,01 - Daylight,Municipal (excl. Twp. Rd.),No control,unknown,0,0,0,False,False,False,Clear,,False,BRIAR KNOLL PL; BRIAR KNOLL DR ; Near,1/30/2020 11:49:49 AM,,
47771,18-097663,1525344480000,2018,5,3,10,48,0,Thursday,541068.0,4811108.0,0.0,0.0,Non intersection,2,P.D. only,Thru lane,unknown,unknown,SMV unattended vehicle,Unknown,Daylight,01 - Daylight,Municipal (excl. Twp. Rd.),No control,unknown,0,0,0,False,False,False,Clear,,False,DAYLILY LANE; DAYLILY LANE ; 20 M,1/30/2020 11:49:48 AM,,
47772,18-097965,1525365000000,2018,5,3,16,30,0,Thursday,544644.23737,4809078.19687,-80.448387,43.433278,At/near private drive,2,P.D. only,Thru lane,unknown,unknown,Turning movement,Unknown,Daylight,01 - Daylight,Regional municipality,No control,unknown,0,0,0,False,False,False,Rain,,False,KINGSWAY DR ; KINGSWAY DR ; 1 M,1/30/2020 11:49:47 AM,,
47773,18-098039,1525371420000,2018,5,3,18,17,0,Thursday,544465.41633,4810701.82033,-80.450464,43.447908,At/near private drive,2,P.D. only,Thru lane,unknown,unknown,Turning movement,Unknown,Daylight,01 - Daylight,Municipal (excl. Twp. Rd.),No control,unknown,0,0,0,False,False,False,Clear,,False,FRANKLIN ST N; FRANKLIN ST N; Near; 52 M,1/30/2020 11:49:46 AM,,
47774,18-098148,1525363080000,2018,5,3,15,58,0,Thursday,542669.22174,4810074.76515,-80.47271099999999,43.442366,Intersection related,1,Non-fatal injury,Thru lane,unknown,unknown,Rear end,Unknown,Daylight,01 - Daylight,Regional municipality,Stop sign,Functioning,0,0,0,False,False,False,Rain,,False,KING ST E; ONWARD AVE,1/30/2020 11:49:45 AM,,
47775,18-098453,1525425840000,2018,5,4,9,24,0,Friday,545275.15347,4806433.71225,-80.440811,43.409428999999996,At intersection,2,P.D. only,Within intersection,unknown,unknown,Angle,Stop sign,Daylight,01 - Daylight,Municipal (excl. Twp. Rd.),Stop sign,Functioning,0,0,0,False,False,False,Clear,,False,WILSON AVE; WABANAKI DR,1/30/2020 11:49:44 AM,,
47776,18-098602,1525372200000,2018,5,3,18,30,0,Thursday,540512.56205,4810786.5544,-80.499308,43.448895,At/near private drive,2,P.D. only,Thru lane,unknown,unknown,SMV unattended vehicle,Unknown,Daylight,01 - Daylight,Municipal (excl. Twp. Rd.),No control,unknown,0,0,0,False,False,False,Rain,,False,MICHAEL ST; MICHAEL ST; At,1/30/2020 11:49:43 AM,,
47777,18-100203,1525539300000,2018,5,5,16,55,0,Saturday,544402.08486,4813272.65987,-80.451037,43.471059,At/near private drive,1,Non-fatal injury,Thru lane,unknown,unknown,Turning movement,Unknown,Daylight,01 - Daylight,Municipal (excl. Twp. Rd.),No control,unknown,0,0,0,False,False,False,Clear,,False,BINGEMANS CENTRE DR; BINGEMANS CENTRE DR ; At; 10 M,1/30/2020 11:49:42 AM,,
47778,18-101148,1525640340000,2018,5,6,20,59,0,Sunday,538694.36,4811153.69932,-80.52175199999999,43.452297,Intersection related,2,P.D. only,Not on roadway - left side,unknown,unknown,SMV other,Unknown,"Dark, artificial","08 - Dark, artificial",Municipal (excl. Twp. Rd.),Stop sign,Functioning,0,1,0,False,False,False,Clear,,False,DUNBAR RD; DUNBAR RD ; At; 15 M,1/30/2020 11:49:41 AM,,
47779,18-101471,1525682700000,2018,5,7,8,45,0,Monday,540637.27559,4809447.72504,-80.497867,43.436833,At intersection,2,P.D. only,Within intersection,unknown,unknown,Angle,Unknown,Daylight,01 - Daylight,Municipal (excl. Twp. Rd.),Stop sign,Functioning,0,0,0,False,False,False,Clear,,False,GLEN RD; PLEASANT AVE,1/30/2020 11:49:41 AM,,
47780,18-101619,1525703100000,2018,5,7,14,25,0,Monday,545766.67721,4809226.99421,-80.434506,43.43455,Non intersection,2,P.D. only,Not on roadway - left side,unknown,unknown,SMV other,Unknown,Daylight,01 - Daylight,Regional municipality,No control,unknown,0,0,0,False,False,False,Clear,,False,KINZIE AVE; KINZIE AVE ; 2 M,1/30/2020 11:49:40 AM,,
47781,18-101787,1525679400000,2018,5,7,7,50,0,Monday,541368.66824,4805821.91092,-80.489104,43.404146,At/near private drive,2,P.D. only,Thru lane,unknown,unknown,Other,Unknown,Daylight,01 - Daylight,Municipal (excl. Twp. Rd.),No control,unknown,0,0,0,False,False,False,Clear,,False,RUSHBROOK DR; RUSHBROOK DR; At,1/30/2020 11:49:39 AM,,
47782,18-102160,1525712400000,2018,5,7,17,0,0,Monday,542948.45972,4812213.94108,-80.469092,43.461611,At/near private drive,2,P.D. only,Thru lane,unknown,unknown,Turning movement,Unknown,Daylight,01 - Daylight,Regional municipality,Traffic signal,Functioning,0,0,0,False,False,False,Clear,,False,BRUCE ST; BRUCE ST ; Near,1/30/2020 11:49:38 AM,,
47783,18-102475,1525787580000,2018,5,8,13,53,0,Tuesday,542081.77734,4813702.69925,-80.47968999999999,43.475065,At/near private drive,1,Non-fatal injury,Thru lane,unknown,unknown,Rear end,Unknown,Daylight,01 - Daylight,Municipal (excl. Twp. Rd.),No control,unknown,0,0,0,False,False,False,Clear,,False,RIVERBEND DR; RIVERBEND DR ; Near; 8 M,1/30/2020 11:49:37 AM,,
47784,18-102529,1525791540000,2018,5,8,14,59,0,Tuesday,539455.99347,4808044.3663,-80.512564,43.42426,At intersection,1,Non-fatal injury,Within intersection,unknown,unknown,Angle,Unknown,Daylight,01 - Daylight,Municipal (excl. Twp. Rd.),Stop sign,Functioning,0,0,0,False,True,False,Clear,,False,GREENBROOK DR; BIRCHCLIFF AVE; 3 M,1/30/2020 11:49:36 AM,,
47785,18-102643,1525725000000,2018,5,7,20,30,0,Monday,538610.35619,4805289.0597,-80.52320499999999,43.399494999999995,Non intersection,2,P.D. only,Thru lane,unknown,unknown,SMV unattended vehicle,Unknown,Dusk,05 - Dusk,Municipal (excl. Twp. Rd.),No control,unknown,0,0,0,False,False,False,Clear,,False,ELIZA AVE; ELIZA AVE ; Near,1/30/2020 11:49:35 AM,,
47786,18-102698,1525803720000,2018,5,8,18,22,0,Tuesday,540404.43418,4805803.69043,-80.501013,43.404035,Intersection related,2,P.D. only,Thru lane,unknown,unknown,Turning movement,Unknown,Daylight,01 - Daylight,Municipal (excl. Twp. Rd.),Stop sign,Functioning,0,0,0,False,False,False,Clear,,False,RIEHM ST; HELENA FEASBY ST,1/30/2020 11:49:34 AM,,
47787,18-103189,1525732200000,2018,5,7,22,30,0,Monday,537580.66191,4808574.36873,-80.53569499999999,43.429128999999996,At intersection,2,P.D. only,Within intersection,unknown,unknown,SMV unattended vehicle,Unknown,"Dark, artificial","08 - Dark, artificial",Municipal (excl. Twp. Rd.),No control,unknown,0,0,0,False,False,False,Clear,,False,BANKSIDE DR; BANKSIDE CRES,1/30/2020 11:49:33 AM,,
47788,18-104312,1525966200000,2018,5,10,15,30,0,Thursday,537080.72664,4807975.40748,-80.541912,43.423761,At/near private drive,2,P.D. only,Thru lane,unknown,unknown,SMV unattended vehicle,Unknown,Daylight,01 - Daylight,Municipal (excl. Twp. Rd.),No control,unknown,0,0,0,False,False,False,Clear,,False,SUMMERHILL CRES; SUMMERHILL CRES,1/30/2020 11:49:33 AM,,
47789,18-104758,1526023500000,2018,5,11,7,25,0,Friday,536531.25323,4807046.35748,-80.548762,43.415422,Non intersection,2,P.D. only,Not on roadway - right side,unknown,unknown,SMV unattended vehicle,Unknown,Daylight,01 - Daylight,Municipal (excl. Twp. Rd.),No control,unknown,0,0,0,False,False,False,Clear,,False,HIGHVIEW DR; HIGHVIEW DR; At; 0 M,1/30/2020 11:49:31 AM,,
47790,18-105121,1526047920000,2018,5,11,14,12,0,Friday,536740.20008,4807421.32175,-80.546156,43.418788,Intersection related,2,P.D. only,Thru lane,unknown,unknown,Turning movement,Unknown,Daylight,01 - Daylight,Municipal (excl. Twp. Rd.),Stop sign,Functioning,0,0,0,False,False,False,Clear,,False,ROLLING MEADOWS DR; TIMBERLANE CRES,1/30/2020 11:49:31 AM,,
47791,18-105141,1526049000000,2018,5,11,14,30,0,Friday,539044.75061,4811195.36791,-80.51741899999999,43.452653999999995,At intersection,2,P.D. only,Within intersection,unknown,unknown,Turning movement,Unknown,Daylight,01 - Daylight,Municipal (excl. Twp. Rd.),Stop sign,Functioning,0,0,0,False,False,False,Clear,,False,BELMONT AVE W; ROCK AVE,1/30/2020 11:49:30 AM,,
47792,18-105274,1526053200000,2018,5,11,15,40,0,Friday,537300.27568,4809165.0434,-80.539118,43.434461,Non intersection,2,P.D. only,Thru lane,unknown,unknown,SMV unattended vehicle,Unknown,Daylight,01 - Daylight,Municipal (excl. Twp. Rd.),No control,unknown,0,0,0,False,False,False,Clear,,False,BEECH ROYAL PL; BEECH ROYAL PL,1/30/2020 11:49:29 AM,,
47793,18-105831,1525852800000,2018,5,9,8,0,0,Wednesday,538553.77794,4806935.73413,-80.523788,43.414325,Non intersection,2,P.D. only,Thru lane,unknown,unknown,SMV unattended vehicle,Unknown,Daylight,01 - Daylight,Municipal (excl. Twp. Rd.),No control,unknown,0,0,0,False,False,False,Clear,,False,WINDFLOWER CRES; WINDFLOWER CRES ; Near,1/30/2020 11:49:28 AM,,
47794,18-106660,1526216400000,2018,5,13,13,0,0,Sunday,537232.96852,4810211.45967,-80.539879,43.443887,Non intersection,2,P.D. only,Off highway,unknown,unknown,SMV other,Unknown,Daylight,01 - Daylight,Regional municipality,No control,unknown,0,0,0,False,False,False,Clear,,False,GLASGOW ST; GLASGOW ST ; At; 10 M,1/30/2020 11:49:26 AM,,
47795,18-106755,1526224320000,2018,5,13,15,12,0,Sunday,541226.30458,4811867.50855,-80.490406,43.458588999999996,At intersection,1,Non-fatal injury,Within intersection,unknown,unknown,Angle,Unknown,Daylight,01 - Daylight,Municipal (excl. Twp. Rd.),Traffic signal,Functioning,0,1,0,False,False,False,Clear,,False,MARGARET AVE; WELLINGTON ST N,1/30/2020 11:49:26 AM,,
47796,18-106976,1526241780000,2018,5,13,20,3,0,Sunday,545383.44019,4803562.73797,-80.439711,43.383572,Non intersection,2,P.D. only,Thru lane,unknown,unknown,SMV unattended vehicle,Unknown,Daylight,01 - Daylight,Municipal (excl. Twp. Rd.),No control,unknown,0,0,0,False,False,False,Clear,,False,APPLE RIDGE DR ; PINE VALLEY DR ; Near; 15 M,1/30/2020 11:49:25 AM,,
47797,18-107239,1526133600000,2018,5,12,14,0,0,Saturday,541068.0,4811108.0,0.0,0.0,At/near private drive,2,P.D. only,Thru lane,unknown,unknown,SMV unattended vehicle,Unknown,Daylight,01 - Daylight,Municipal (excl. Twp. Rd.),No control,unknown,0,0,0,False,False,False,Rain,,False,APPLEBY ST; APPLEBY ST ; Near,1/30/2020 11:49:24 AM,,
47798,18-107728,1526322060000,2018,5,14,18,21,0,Monday,541275.97601,4812726.33673,-80.489727,43.466319,Intersection related,2,P.D. only,Not on roadway - right side,unknown,unknown,SMV other,Unknown,Daylight,01 - Daylight,Municipal (excl. Twp. Rd.),Stop sign,Functioning,0,0,1,False,False,False,Clear,,False,BOEHMER ST ; FAIRFIELD AVE,1/30/2020 11:49:23 AM,,
47799,18-107753,1526313600000,2018,5,14,16,0,0,Monday,544884.10982,4804848.32313,-80.44577,43.395178,At intersection,2,P.D. only,Within intersection,unknown,unknown,Rear end,Unknown,Daylight,01 - Daylight,Municipal (excl. Twp. Rd.),Traffic signal,Functioning,0,0,0,False,False,False,Clear,,False,DOON VILLAGE RD; PIONEER DR,1/30/2020 11:49:22 AM,,
47800,18-107914,1526334780000,2018,5,14,21,53,0,Monday,540948.02124,4808145.8407,-80.494125,43.425094,Non intersection,2,P.D. only,Right shoulder,unknown,unknown,SMV other,Unknown,Dark,07 - Dark,Municipal (excl. Twp. Rd.),No control,unknown,0,0,0,False,False,False,Clear,,False,CHANDLER DR ; WOODFERN CRT ; Near; 25 M,1/30/2020 11:49:21 AM,,
47801,18-108115,1525956000000,2018,5,10,12,40,0,Thursday,543935.59331,4805079.15388,-80.457464,43.397312,Intersection related,2,P.D. only,Right turn channel,unknown,unknown,Rear end,Unknown,Daylight,01 - Daylight,Regional municipality,Yield sign,Functioning,0,0,0,False,False,False,Clear,,False,OLD HURON RD OFF TO HURON RD; HURON RD,1/30/2020 11:49:20 AM,,
47802,18-108920,1526438880000,2018,5,16,2,48,0,Wednesday,545798.81214,4809255.82969,-80.434107,43.434807,Intersection related,2,P.D. only,Thru lane,unknown,unknown,SMV other,Unknown,Dark,07 - Dark,Municipal (excl. Twp. Rd.),Stop sign,Functioning,0,0,0,False,False,False,Clear,,False,KINZIE AVE; RUTHERFORD DR; At,1/30/2020 11:49:19 AM,,
47803,18-108990,1526409000000,2018,5,15,18,30,0,Tuesday,547230.19912,4803201.51944,-80.416944,43.380206,Non intersection,2,P.D. only,Thru lane,unknown,unknown,SMV unattended vehicle,Unknown,Daylight,01 - Daylight,Municipal (excl. Twp. Rd.),No control,unknown,0,0,0,False,False,False,Clear,,False,WOODCREST CRT; WOODCREST CRT,1/30/2020 11:49:18 AM,,
47804,18-109495,1526482800000,2018,5,16,15,0,0,Wednesday,541068.0,4811108.0,0.0,0.0,At/near private drive,2,P.D. only,Thru lane,unknown,unknown,SMV unattended vehicle,Unknown,Daylight,01 - Daylight,Municipal (excl. Twp. Rd.),No control,unknown,0,0,0,False,False,False,Clear,,False,PIETER VOS DR ; PIETER VOS DR ; Near,1/30/2020 11:49:17 AM,,
47805,18-109503,1526488500000,2018,5,16,16,35,0,Wednesday,545118.51236,4807684.04773,-80.44264199999999,43.420696,At/near private drive,2,P.D. only,Right turn lane,unknown,unknown,Turning movement,Unknown,Daylight,01 - Daylight,Municipal (excl. Twp. Rd.),No control,unknown,0,0,0,False,False,False,Clear,,False,WILSON AVE; FAIRWAY RD S; At; 0 M,1/30/2020 11:49:16 AM,,
47806,18-109679,1526500620000,2018,5,16,19,57,0,Wednesday,541113.49473,4810747.23845,-80.491884,43.448508,At intersection,2,P.D. only,Within intersection,unknown,unknown,Turning movement,Unknown,Daylight,01 - Daylight,Municipal (excl. Twp. Rd.),Stop sign,Functioning,0,0,0,False,False,False,Clear,,False,JOSEPH ST ; ONTARIO ST S,1/30/2020 11:49:15 AM,,
47807,18-110303,1526563200000,2018,5,17,13,20,0,Thursday,541068.0,4811108.0,0.0,0.0,Other,2,P.D. only,Off highway,unknown,unknown,SMV other,Unknown,Daylight,01 - Daylight,Municipal (excl. Twp. Rd.),No control,unknown,0,0,0,False,False,False,Clear,,False,QUEEN ST S; QUEEN ST S; At,1/30/2020 11:49:14 AM,,
47808,18-110346,1526566380000,2018,5,17,14,13,0,Thursday,541218.42482,4808769.67107,-80.490737,43.430696,Non intersection,2,P.D. only,Left turn lane,unknown,unknown,SMV unattended vehicle,Unknown,Daylight,01 - Daylight,Municipal (excl. Twp. Rd.),No control,unknown,0,0,0,False,False,False,Clear,,False,HUGO CRES; HUGO CRES ; 20 M,1/30/2020 11:49:13 AM,,
47809,18-111291,1526643000000,2018,5,18,11,30,0,Friday,540813.88305,4810433.13446,-80.495611,43.445696,Non intersection,2,P.D. only,Thru lane,unknown,unknown,SMV unattended vehicle,Unknown,Daylight,01 - Daylight,Municipal (excl. Twp. Rd.),No control,unknown,0,0,0,False,False,False,Clear,,False,ROLAND ST; DAVID ST; Near,1/30/2020 11:49:12 AM,,
47810,18-111424,1526662260000,2018,5,18,16,51,0,Friday,537069.63968,4807150.26309,-80.54210499999999,43.416332,Non intersection,2,P.D. only,Thru lane,unknown,unknown,SMV other,Unknown,Daylight,01 - Daylight,Municipal (excl. Twp. Rd.),No control,unknown,0,0,0,False,False,False,Clear,,False,HIGHVIEW DR; HIGHVIEW DR ; 0 M,1/30/2020 11:49:11 AM,,
47811,18-111523,1526661000000,2018,5,18,16,30,0,Friday,542922.11541,4812274.606,-80.46941199999999,43.462159,At/near private drive,1,Non-fatal injury,Thru lane,unknown,unknown,Turning movement,Unknown,Daylight,01 - Daylight,Municipal (excl. Twp. Rd.),Stop sign,Functioning,0,0,0,False,False,False,Clear,,False,BRUCE ST; BRUCE ST,1/30/2020 11:49:10 AM,,
47812,18-111735,1526686200000,2018,5,18,23,30,0,Friday,541068.0,4811108.0,0.0,0.0,Other,2,Non-reportable,Off highway,unknown,unknown,SMV other,Unknown,Dark,07 - Dark,Private property,No control,unknown,0,0,0,False,False,False,Clear,,False,PRIVATE PROPERTY; THE COUNTRY WAY,1/30/2020 11:49:09 AM,,
47813,18-112037,1526714400000,2018,5,19,7,20,0,Saturday,541718.80007,4810691.65473,-80.484408,43.447973999999995,Non intersection,2,P.D. only,Right shoulder,unknown,unknown,SMV unattended vehicle,Unknown,Daylight,01 - Daylight,Regional municipality,No control,unknown,0,0,0,False,False,False,Rain,,False,EBY ST N; KING ST E,1/30/2020 11:49:08 AM,,
47814,18-113325,1526858460000,2018,5,20,23,21,0,Sunday,544355.54169,4813260.85897,-80.451613,43.470955,At/near private drive,2,P.D. only,Thru lane,unknown,unknown,Rear end,Unknown,Dark,07 - Dark,Regional municipality,No control,unknown,0,0,0,False,False,False,Clear,,False,BINGEMANS CENTRE DR; BINGEMANS CENTRE DR ; At; 1 M,1/30/2020 11:49:07 AM,,
47815,18-114502,1526993220000,2018,5,22,12,47,0,Tuesday,539689.77288,4806563.47664,-80.509784,43.410914,At intersection,1,Non-fatal injury,Within intersection,unknown,unknown,Turning movement,Unknown,Daylight,01 - Daylight,Municipal (excl. Twp. Rd.),Stop sign,Functioning,0,0,0,False,False,False,Clear,,False,ACTIVA AVE; BUSH CLOVER CRES,1/30/2020 11:49:06 AM,,
47816,18-115444,1526731200000,2018,5,19,12,0,0,Saturday,537067.81828,4808848.8099,-80.542012,43.431626,At/near private drive,2,P.D. only,Thru lane,unknown,unknown,Other,Unknown,Daylight,01 - Daylight,Municipal (excl. Twp. Rd.),No control,unknown,0,0,0,False,False,False,Clear,,False,HIDDEN CREEK DR ; HIDDEN CREEK DR,1/30/2020 11:49:05 AM,,
47817,18-115551,1526439600000,2018,5,16,3,0,0,Wednesday,537658.62748,4808565.21852,-80.53473199999999,43.429043,At/near private drive,2,P.D. only,Thru lane,unknown,unknown,SMV unattended vehicle,Unknown,"Dark, artificial","08 - Dark, artificial",Municipal (excl. Twp. Rd.),No control,unknown,0,0,0,False,False,False,Clear,,False,BANKSIDE CRES; BANKSIDE CRES; At,1/30/2020 11:49:04 AM,,
47818,18-116219,1526997600000,2018,5,22,14,0,0,Tuesday,539775.0971,4805444.69163,-80.508811,43.400836,At/near private drive,2,P.D. only,Thru lane,unknown,unknown,SMV unattended vehicle,Unknown,Daylight,01 - Daylight,Municipal (excl. Twp. Rd.),No control,unknown,0,0,0,False,False,False,Clear,,False,DONNENWERTH DR; DONNENWERTH DR ; Near,1/30/2020 11:49:03 AM,,
47819,18-117491,1527265560000,2018,5,25,16,26,0,Friday,548021.71267,4811114.20379,-80.40647799999999,43.451401,At/near private drive,2,P.D. only,Not on roadway - right side,unknown,unknown,SMV unattended vehicle,Unknown,Daylight,01 - Daylight,Municipal (excl. Twp. Rd.),No control,unknown,0,0,0,False,False,False,Clear,,False,WATERVALE DR; OLD ZELLER DR ; Near; 100 M,1/30/2020 11:49:02 AM,,
47820,18-117589,1527269100000,2018,5,25,17,25,0,Friday,542269.01021,4814380.48212,-80.477322,43.481156999999996,Intersection related,2,P.D. only,Thru lane,unknown,unknown,Rear end,Unknown,Daylight,01 - Daylight,Regional municipality,Yield sign,Functioning,0,0,0,False,False,True,Clear,,False,BLOOMINGDALE RD N; BLOOMINGDALE RD N; Near,1/30/2020 11:49:01 AM,,
47821,18-117761,1527285120000,2018,5,25,21,52,0,Friday,544509.66154,4809136.26041,-80.450045,43.433809,Intersection related,2,P.D. only,Not on roadway - left side,unknown,unknown,SMV other,Unknown,"Dark, artificial","08 - Dark, artificial",Municipal (excl. Twp. Rd.),Stop sign,Functioning,0,0,0,False,False,False,Clear,,False,KINGSWAY DR ; SIXTH AVE ; 2 M,1/30/2020 11:48:59 AM,,
47822,18-117906,1527284700000,2018,5,25,21,45,0,Friday,543584.32423,4809442.16998,-80.46145299999999,43.436617,Non intersection,2,P.D. only,Thru lane,unknown,unknown,Sideswipe,Unknown,"Dark, artificial","08 - Dark, artificial",Municipal (excl. Twp. Rd.),No control,unknown,0,0,0,False,False,False,Clear,,False,ROCKWAY DR; DIXON ST ; 210 M,1/30/2020 11:48:58 AM,,
47823,18-118310,1527266700000,2018,5,25,16,45,0,Friday,538898.50253,4811472.0386,-80.519207,43.455152999999996,At intersection,2,P.D. only,Within intersection,unknown,unknown,Rear end,Unknown,Daylight,01 - Daylight,Municipal (excl. Twp. Rd.),Traffic signal,Functioning,0,0,0,False,False,False,Clear,,False,UNION BLVD; BELMONT AVE W,1/30/2020 11:48:58 AM,,
47824,18-118375,1527336000000,2018,5,26,12,0,0,Saturday,543206.13262,4804496.63795,-80.466517,43.392109999999995,At intersection,1,Non-fatal injury,Within intersection,unknown,unknown,Angle,Unknown,Daylight,01 - Daylight,Regional municipality,Yield sign,Functioning,0,0,0,False,True,False,Clear,,False,HURON RD; STRASBURG RD,1/30/2020 11:48:57 AM,,
47825,18-118689,1527370200000,2018,5,26,21,30,0,Saturday,538951.28055,4806138.66026,-80.518935,43.407128,At/near private drive,2,P.D. only,Thru lane,unknown,unknown,SMV unattended vehicle,Unknown,Other,99 - Other,Municipal (excl. Twp. Rd.),No control,unknown,0,0,0,False,False,False,Clear,,False,DAVID BERGEY DR; DAVID BERGEY DR ; Near; 10 M,1/30/2020 11:48:55 AM,,
47826,18-119123,1527419340000,2018,5,27,11,9,0,Sunday,538948.01311,4805742.73042,-80.519003,43.403563,Non intersection,1,Non-fatal injury,Thru lane,unknown,unknown,SMV other,Unknown,Daylight,01 - Daylight,Municipal (excl. Twp. Rd.),No control,unknown,0,0,0,False,False,False,Clear,,False,MOUNTAIN LAUREL CRES; MOUNTAIN LAUREL CRES ; At; 1 M,1/30/2020 11:48:55 AM,,
47827,18-119685,1527481800000,2018,5,28,4,30,0,Monday,543366.08058,4807349.12203,-80.464316,43.417784,Non intersection,2,P.D. only,Thru lane,unknown,unknown,SMV unattended vehicle,Unknown,Dark,07 - Dark,Municipal (excl. Twp. Rd.),No control,unknown,0,0,0,False,False,False,Clear,,False,FALLOWFIELD DR; FALLOWFIELD DR; Near; 6 M,1/30/2020 11:48:54 AM,,
47828,18-119904,1527445800000,2018,5,27,18,30,0,Sunday,542660.78327,4811207.10262,-80.472726,43.452562,Intersection related,1,Non-fatal injury,Thru lane,unknown,unknown,Rear end,Unknown,Daylight,01 - Daylight,Municipal (excl. Twp. Rd.),Traffic signal,Functioning,0,0,0,False,False,False,Clear,,False,KRUG ST; EAST AVE; At,1/30/2020 11:48:53 AM,,
47829,18-120156,1527336000000,2018,5,26,12,0,0,Saturday,539436.55663,4806671.66256,-80.512903,43.411901,Non intersection,2,P.D. only,Right shoulder,unknown,unknown,SMV unattended vehicle,Unknown,Daylight,01 - Daylight,Municipal (excl. Twp. Rd.),No control,unknown,0,0,0,False,False,False,Clear,,False,QUEEN CHARLOTTE CRES; QUEEN CHARLOTTE CRES ; At,1/30/2020 11:48:52 AM,,
47830,18-120423,1527537600000,2018,5,28,20,0,0,Monday,537101.24752,4807806.24065,-80.54167,43.422236999999996,At/near private drive,2,P.D. only,Right shoulder,unknown,unknown,SMV unattended vehicle,Unknown,Daylight,01 - Daylight,Municipal (excl. Twp. Rd.),No control,unknown,0,0,0,False,False,False,Clear,,False,WESTHEIGHTS DR; WESTHEIGHTS DR ; At,1/30/2020 11:48:51 AM,,
47831,18-120545,1527546360000,2018,5,28,22,26,0,Monday,542346.2934,4810498.31222,-80.47666799999999,43.446197999999995,At/near private drive,2,P.D. only,Right shoulder,unknown,unknown,SMV unattended vehicle,Unknown,"Daylight, artificial","02 - Daylight, artificial",Regional municipality,No control,unknown,0,0,0,False,False,False,Clear,,False,FAIRVIEW AVE; FAIRVIEW AVE ; At; 3 M,1/30/2020 11:48:50 AM,,
47832,18-120946,1527580800000,2018,5,29,8,0,0,Tuesday,542416.22732,4806992.91666,-80.47607599999999,43.414631,Non intersection,2,P.D. only,Thru lane,unknown,unknown,SMV unattended vehicle,Unknown,Daylight,01 - Daylight,Municipal (excl. Twp. Rd.),No control,unknown,0,0,0,False,False,False,Clear,,False,CEDARHILL CRES; CEDARHILL CRES; Near,1/30/2020 11:48:49 AM,,
47833,18-121133,1527605400000,2018,5,29,14,50,0,Tuesday,545033.68948,4807868.23952,-80.443675,43.42236,At intersection,1,Non-fatal injury,Right turn lane,unknown,unknown,SMV other,Unknown,Daylight,01 - Daylight,Municipal (excl. Twp. Rd.),Traffic signal,Functioning,0,0,0,True,False,False,Clear,,False,KINGSWAY DR; WILSON AVE,1/30/2020 11:48:48 AM,,
47834,18-121248,1527610500000,2018,5,29,16,15,0,Tuesday,541343.35905,4809061.64405,-80.489171,43.433318,At intersection,2,P.D. only,Within intersection,unknown,unknown,Rear end,Unknown,Daylight,01 - Daylight,Regional municipality,Traffic signal,Functioning,0,0,0,False,False,False,Clear,,False,HEIMAN ST; HIGHLAND RD E,1/30/2020 11:48:47 AM,,
47835,18-121340,1527616800000,2018,5,29,18,0,0,Tuesday,549120.20193,4806319.42264,-80.393333,43.408158,At intersection,2,P.D. only,Within intersection,unknown,unknown,Turning movement,Unknown,Daylight,01 - Daylight,Regional municipality,Traffic signal,Functioning,0,0,0,False,False,False,Clear,,False,SPORTSWORLD DR; GATEWAY PARK DR,1/30/2020 11:48:47 AM,,