OBJECTID,ACCIDENTNUM,ACCIDENTDATE,ACCIDENT_YEAR,ACCIDENT_MONTH,ACCIDENT_DAY,ACCIDENT_HOUR,ACCIDENT_MINUTE,ACCIDENT_SECOND,ACCIDENT_WEEKDAY,XCOORD,YCOORD,LONGITUDE,LATITUDE,ACCIDENTLOCATION,COLLISIONTYPE,CLASSIFICATIONOFACCIDENT,IMPACTLOCATION,INITIALDIRECTIONOFTRAVELONE,INITIALDIRECTIONOFTRAVELTWO,INITIALIMPACTTYPE,INTTRAFFICCONTROL,LIGHT,LIGHTFORREPORT,ROADJURISDICTION,TRAFFICCONTROL,TRAFFICCONTROLCONDITION,THRULANENO,NORTHBOUNDDISOBEYCOUNT,SOUTHBOUNDDISOBEYCOUNT,PEDESTRIANINVOLVED,CYCLISTINVOLVED,MOTORCYCLISTINVOLVED,ENVIRONMENTCONDITION1,ENVIRONMENTCONDITION2,SELFREPORTED,XMLIMPORTNOTES,LASTEDITEDDATE,CREATE_BY,CREATE_DATE
47836,18-121375,1527622440000,2018,5,29,19,34,0,Tuesday,539086.42867,4805853.08412,-80.517286,43.404548999999996,Non intersection,2,P.D. only,Thru lane,unknown,unknown,SMV unattended vehicle,Unknown,Daylight,01 - Daylight,Municipal (excl. Twp. Rd.),No control,unknown,0,0,0,False,False,False,Clear,,False,MOUNTAIN LAUREL CRES ; BERRY MOSS ST ; 65 M,1/30/2020 11:48:46 AM,,
47837,18-121414,1527626940000,2018,5,29,20,49,0,Tuesday,540892.00925,4805860.20409,-80.49498799999999,43.404517,At intersection,1,Non-fatal injury,Within intersection,unknown,unknown,SMV other,Unknown,Dusk,05 - Dusk,Municipal (excl. Twp. Rd.),Stop sign,Functioning,0,0,0,True,False,False,Clear,,False,ROCKWOOD RD; ERINBROOK DR; 5.9 M,1/30/2020 11:48:45 AM,,
47838,18-121804,1527679200000,2018,5,30,11,20,0,Wednesday,541068.0,4811108.0,0.0,0.0,At intersection,1,Non-fatal injury,Within intersection,unknown,unknown,Turning movement,Unknown,Daylight,01 - Daylight,Municipal (excl. Twp. Rd.),Traffic signal,Functioning,0,0,0,False,False,False,Clear,,False,PARK ST ; GLASGOW ST,1/30/2020 11:48:44 AM,,
47839,18-121874,1527680700000,2018,5,30,11,45,0,Wednesday,539409.42456,4810369.31754,-80.512971,43.445197,At/near private drive,2,P.D. only,Thru lane,unknown,unknown,Turning movement,Unknown,Daylight,01 - Daylight,Municipal (excl. Twp. Rd.),No control,unknown,0,0,0,False,False,False,Clear,,False,KARN ST ; BELMONT AVE W; At; 0 M,1/30/2020 11:48:43 AM,,
47840,18-121877,1527679800000,2018,5,30,11,30,0,Wednesday,542684.78785,4813277.05252,-80.472268,43.471198,Non intersection,2,P.D. only,Thru lane,unknown,unknown,Sideswipe,Unknown,Daylight,01 - Daylight,Municipal (excl. Twp. Rd.),No control,unknown,0,0,0,False,False,False,Clear,,False,RIVERBEND DR; RIVERBEND DR,1/30/2020 11:48:42 AM,,
47841,18-121946,1527688920000,2018,5,30,14,2,0,Wednesday,543789.97184,4808567.81191,-80.45898199999999,43.428733,Non intersection,2,P.D. only,Thru lane,unknown,unknown,Turning movement,Unknown,Daylight,01 - Daylight,Municipal (excl. Twp. Rd.),No control,unknown,0,0,0,False,False,False,Clear,,False,WILSON AVE; WILSON AVE,1/30/2020 11:48:41 AM,,
47842,18-122029,1527687000000,2018,5,30,13,30,0,Wednesday,543341.4428,4812362.90962,-80.46422199999999,43.46293,At/near private drive,2,P.D. only,Thru lane,unknown,unknown,SMV unattended vehicle,Unknown,Daylight,01 - Daylight,Municipal (excl. Twp. Rd.),No control,unknown,0,0,0,False,False,True,Clear,,False,CORONET LANE; RIVER RD E; At,1/30/2020 11:48:40 AM,,
47843,18-122035,1527693600000,2018,5,30,15,20,0,Wednesday,543029.87157,4812024.1535,-80.4681,43.459897999999995,Non intersection,2,P.D. only,Thru lane,unknown,unknown,Rear end,Unknown,Daylight,01 - Daylight,unknown,No control,unknown,0,0,0,False,False,False,Clear,,False,FREDERICK ST; BRUCE ST,2/19/2019 2:08:38 PM,,
47844,18-122064,1527682500000,2018,5,30,12,15,0,Wednesday,538548.21005,4810805.93969,-80.523583,43.449172999999995,Non intersection,2,P.D. only,Thru lane,unknown,unknown,Sideswipe,Unknown,Daylight,01 - Daylight,Regional municipality,No control,unknown,0,0,0,False,False,False,Clear,,False,GLASGOW ST; WESTMOUNT RD W,1/30/2020 11:48:39 AM,,
47845,18-122625,1527669000000,2018,5,30,8,30,0,Wednesday,541615.70339,4808512.67595,-80.48584799999999,43.42836,Intersection related,2,P.D. only,Thru lane,unknown,unknown,SMV other,Unknown,Daylight,01 - Daylight,Regional municipality,No control,unknown,0,0,0,False,False,False,Clear,,False,HOMER WATSON BLVD; CONESTOGA PARKWAY  HWY 7 8,1/30/2020 11:48:38 AM,,
47846,18-122898,1527784020000,2018,5,31,16,27,0,Thursday,539296.02902,4811574.21565,-80.514286,43.456052,At intersection,2,P.D. only,Within intersection,unknown,unknown,Turning movement,Unknown,Daylight,01 - Daylight,Municipal (excl. Twp. Rd.),Stop sign,Functioning,0,0,0,False,False,False,Clear,,False,PARK ST ; MT HOPE ST,1/30/2020 11:48:37 AM,,
47847,18-122930,1527785880000,2018,5,31,16,58,0,Thursday,540515.66106,4811537.31246,-80.499214,43.455653999999996,Intersection related,2,P.D. only,Not on roadway - right side,unknown,unknown,SMV other,Unknown,Daylight,01 - Daylight,Municipal (excl. Twp. Rd.),Stop sign,Functioning,0,0,0,False,False,False,Clear,,False,WELLINGTON ST N; WATERLOO ST; 1 M,1/30/2020 11:48:36 AM,,
47848,18-122985,1527789600000,2018,5,31,18,0,0,Thursday,540672.12213,4811637.90098,-80.49727299999999,43.456551999999995,At/near private drive,2,P.D. only,Thru lane,unknown,unknown,Turning movement,Unknown,Daylight,01 - Daylight,Regional municipality,No control,unknown,0,0,0,False,False,False,Rain,,False,DUKE ST W; KING ST W; 1 M,1/30/2020 11:48:35 AM,,
47849,18-123617,1527852600000,2018,6,1,11,30,0,Friday,549287.33222,4806285.12923,-80.391272,43.407838,At/near private drive,2,P.D. only,Thru lane,unknown,unknown,Turning movement,Unknown,Daylight,01 - Daylight,Regional municipality,No control,unknown,0,0,0,False,False,False,Clear,,False,GATEWAY PARK DR ; KING ST E,1/30/2020 11:48:34 AM,,
47850,18-123705,1527859800000,2018,6,1,13,30,0,Friday,544828.73741,4805005.2568,-80.446441,43.396594,At intersection,2,P.D. only,Within intersection,unknown,unknown,Turning movement,Unknown,Daylight,01 - Daylight,Municipal (excl. Twp. Rd.),Stop sign,Functioning,0,0,0,False,False,False,Clear,,False,DOON VILLAGE RD; MILLWOOD CRES,1/30/2020 11:48:33 AM,,
47851,18-123754,1527865320000,2018,6,1,15,2,0,Friday,538443.73793,4810800.69404,-80.524875,43.449131,Non intersection,2,P.D. only,Thru lane,unknown,unknown,Turning movement,Unknown,Daylight,01 - Daylight,Municipal (excl. Twp. Rd.),Traffic signal,Functioning,0,0,0,False,False,False,Clear,,False,GLASGOW ST ; GLASGOW ST ; Near; 1 M,1/30/2020 11:48:32 AM,,
47852,18-124435,1527535800000,2018,5,28,19,30,0,Monday,541947.21378,4810935.69295,-80.481566,43.450159,Non intersection,2,P.D. only,Right shoulder,unknown,unknown,SMV unattended vehicle,Unknown,Daylight,01 - Daylight,unknown,No control,unknown,0,0,0,False,False,False,Clear,,False,LANCASTER ST E; IRVIN ST,2/19/2019 2:08:37 PM,,
47853,18-124547,1527941100000,2018,6,2,12,5,0,Saturday,546646.25226,4808101.52007,-80.423735,43.424361999999995,At/near private drive,2,P.D. only,Thru lane,unknown,unknown,SMV unattended vehicle,Unknown,Daylight,01 - Daylight,Municipal (excl. Twp. Rd.),No control,unknown,0,0,0,False,False,False,Clear,,False,CAMEO DR; KING ST E; Near; 10 M,1/30/2020 11:48:31 AM,,
47854,18-124901,1527970800000,2018,6,2,20,20,0,Saturday,543571.08213,4804976.63456,-80.461973,43.396409999999996,At intersection,2,P.D. only,Within intersection,unknown,unknown,Angle,Unknown,Daylight,01 - Daylight,Municipal (excl. Twp. Rd.),Traffic signal,Functioning,0,0,0,False,False,False,Clear,,False,HURON RD ; BATTLER RD,1/30/2020 11:48:30 AM,,
47855,18-125370,1527084000000,2018,5,23,14,0,0,Wednesday,546271.04368,4803520.26874,-80.42875699999999,43.383136,Non intersection,1,Non-fatal injury,Thru lane,unknown,unknown,Rear end,Unknown,Daylight,01 - Daylight,Municipal (excl. Twp. Rd.),No control,unknown,0,0,0,False,False,False,Clear,,False,DOON MILLS DR ; DOON SOUTH DR ; 100 M,1/30/2020 11:48:29 AM,,
47856,18-125424,1527966000000,2018,6,2,19,0,0,Saturday,542067.56554,4809773.79481,-80.48016899999999,43.43969,Intersection related,2,P.D. only,Not on roadway - right side,unknown,unknown,SMV other,Unknown,Daylight,01 - Daylight,Municipal (excl. Twp. Rd.),Stop sign,Functioning,0,0,0,False,False,False,Clear,,False,KENT AVE; KENNEDY AVE,1/30/2020 11:48:28 AM,,
47857,18-125964,1528103580000,2018,6,4,9,13,0,Monday,544339.38996,4811034.7006,-80.451994,43.450911999999995,Intersection related,2,P.D. only,Thru lane,unknown,unknown,Turning movement,Unknown,Daylight,01 - Daylight,Municipal (excl. Twp. Rd.),Stop sign,Functioning,0,0,0,False,False,False,Clear,,False,CRAIG DR; HICKSON DR ; Near; 40 M,1/30/2020 11:48:27 AM,,
47858,18-126060,1528110720000,2018,6,4,11,12,0,Monday,539123.12882,4805682.70246,-80.51684499999999,43.403013,At/near private drive,2,P.D. only,Thru lane,unknown,unknown,SMV unattended vehicle,Unknown,Daylight,01 - Daylight,Municipal (excl. Twp. Rd.),No control,unknown,0,0,0,False,False,False,Clear,,False,ACTIVA AVE; ACTIVA AVE; At; 1 M,1/30/2020 11:48:26 AM,,
47859,18-126126,1528072680000,2018,6,4,0,38,0,Monday,540892.57403,4806247.45408,-80.494952,43.408004,Non intersection,2,P.D. only,Thru lane,unknown,unknown,SMV unattended vehicle,Unknown,"Dark, artificial","08 - Dark, artificial",Municipal (excl. Twp. Rd.),No control,unknown,0,0,0,False,False,False,Clear,,False,RITTENHOUSE RD ; RITTENHOUSE RD ; At; 2 M,1/30/2020 11:48:25 AM,,
47860,18-126240,1528123980000,2018,6,4,14,53,0,Monday,544653.31821,4806289.29528,-80.44850199999999,43.408166,At/near private drive,1,Non-fatal injury,Left turn lane,unknown,unknown,Turning movement,Unknown,Daylight,01 - Daylight,Municipal (excl. Twp. Rd.),No control,unknown,0,0,0,False,False,False,Clear,,False,WABANAKI DR ; MANITOU DR ; Near; 26 M,1/30/2020 11:48:24 AM,,
47861,18-126338,1528130520000,2018,6,4,16,42,0,Monday,542842.17938,4809871.88422,-80.47058899999999,43.440529,At intersection,2,P.D. only,Within intersection,unknown,unknown,Angle,Unknown,Daylight,01 - Daylight,Municipal (excl. Twp. Rd.),Stop sign,Functioning,0,0,0,False,False,False,Clear,,False,CHARLES ST E; SYDNEY ST S,1/30/2020 11:48:23 AM,,
47862,18-126379,1528099800000,2018,6,4,8,10,0,Monday,539568.28866,4811423.86956,-80.510932,43.454684,Intersection related,2,P.D. only,Thru lane,unknown,unknown,Rear end,Unknown,Daylight,01 - Daylight,Municipal (excl. Twp. Rd.),Stop sign,Functioning,0,0,0,False,False,False,Clear,,False,PARK ST; GREEN ST; At,1/30/2020 11:48:22 AM,,
47863,18-127080,1528138800000,2018,6,4,19,0,0,Monday,543102.15926,4810025.89538,-80.467365,43.441901,Non intersection,2,P.D. only,Thru lane,unknown,unknown,SMV unattended vehicle,Unknown,Daylight,01 - Daylight,Municipal (excl. Twp. Rd.),No control,unknown,0,0,0,False,False,False,Clear,,False,ROSEDALE AVE; ROSEDALE AVE ; Near,1/30/2020 11:48:21 AM,,
47864,18-127364,1527955200000,2018,6,2,16,0,0,Saturday,545929.73961,4804589.04633,-80.432881,43.392779999999995,At/near private drive,2,P.D. only,Thru lane,unknown,unknown,SMV unattended vehicle,Unknown,Daylight,01 - Daylight,Municipal (excl. Twp. Rd.),No control,unknown,0,0,0,False,False,False,Clear,,False,OLD CARRIAGE DR; OLD CARRIAGE DR; Near,1/30/2020 11:48:20 AM,,
47865,18-127819,1528277400000,2018,6,6,9,30,0,Wednesday,541635.50039,4807664.16218,-80.48566799999999,43.420719,Non intersection,2,P.D. only,Thru lane,unknown,unknown,Sideswipe,Unknown,Daylight,01 - Daylight,Regional municipality,No control,unknown,0,0,0,False,False,False,Clear,,False,STRASBURG RD; BARWOOD CRES; Near,1/30/2020 11:48:19 AM,,
47866,18-127891,1528194600000,2018,6,5,10,30,0,Tuesday,540608.28999,4810628.01315,-80.498137,43.447462,Intersection related,2,P.D. only,Thru lane,unknown,unknown,Turning movement,Unknown,Daylight,01 - Daylight,Municipal (excl. Twp. Rd.),Stop sign,Functioning,0,0,1,False,False,False,Clear,,False,JUBILEE DR; WATER ST S,1/30/2020 11:48:18 AM,,
47867,18-128668,1528374000000,2018,6,7,12,20,0,Thursday,545856.53003,4804739.6031,-80.43377199999999,43.39414,Intersection related,2,P.D. only,Thru lane,unknown,unknown,Turning movement,Unknown,Daylight,01 - Daylight,Municipal (excl. Twp. Rd.),Stop sign,Functioning,0,0,0,False,False,False,Clear,,False,PIONEER DR; OLD CARRIAGE DR; At,1/30/2020 11:48:17 AM,,
47868,18-128753,1528379220000,2018,6,7,13,47,0,Thursday,536745.76479,4809156.65471,-80.54597,43.434413,At/near private drive,2,P.D. only,Right shoulder,unknown,unknown,SMV unattended vehicle,Unknown,Daylight,01 - Daylight,Municipal (excl. Twp. Rd.),No control,unknown,0,0,0,False,False,False,Clear,,False,GREENCROFT CRT; GREENCROFT CRT ; Near; 2 M,1/30/2020 11:48:16 AM,,
47869,18-128791,1528377300000,2018,6,7,13,15,0,Thursday,542184.41225,4810205.12315,-80.478691,43.443566999999994,At/near private drive,2,P.D. only,Left turn lane,unknown,unknown,Other,Unknown,Daylight,01 - Daylight,unknown,Traffic signal,Functioning,0,0,0,False,False,False,Clear,,False,STIRLING AVE S; STIRLING AVE S,2/19/2019 2:08:36 PM,,
47870,18-128804,1528381980000,2018,6,7,14,33,0,Thursday,542501.46005,4810173.74213,-80.47477599999999,43.443267,Intersection related,1,Non-fatal injury,Thru lane,unknown,unknown,Rear end,Unknown,Daylight,01 - Daylight,Regional municipality,Stop sign,Functioning,0,0,0,False,False,False,Clear,,False,KING ST E; DANE ST; Near; 5 M,1/30/2020 11:48:15 AM,,
47871,18-128930,1528268400000,2018,6,6,7,0,0,Wednesday,537322.96542,4808839.46334,-80.53886,43.431529,Non intersection,2,P.D. only,Thru lane,unknown,unknown,SMV unattended vehicle,Unknown,"Dark, artificial","08 - Dark, artificial",Municipal (excl. Twp. Rd.),No control,unknown,0,0,0,False,False,False,Clear,,False,WILDLARK CRES; WILDLARK CRES,1/30/2020 11:48:14 AM,,
47872,18-129418,1528448280000,2018,6,8,8,58,0,Friday,542496.76171,4810877.51653,-80.474779,43.449604,At intersection,2,P.D. only,Within intersection,unknown,unknown,Angle,Unknown,Daylight,01 - Daylight,Municipal (excl. Twp. Rd.),Stop sign,Functioning,0,0,0,False,False,False,Clear,,False,SIMEON ST; CAMERON ST N,1/30/2020 11:48:14 AM,,
47873,18-129837,1528446600000,2018,6,8,8,30,0,Friday,542418.32628,4806993.82867,-80.47605,43.414639,Non intersection,2,P.D. only,Thru lane,unknown,unknown,Other,Unknown,Daylight,01 - Daylight,Municipal (excl. Twp. Rd.),No control,unknown,0,0,0,False,False,False,Clear,,False,CENTURY HILL DR; CENTURY HILL DR; Near,1/30/2020 11:48:12 AM,,
47874,18-129998,1528477500000,2018,6,8,17,5,0,Friday,539581.73963,4805913.09094,-80.51116499999999,43.405063,At/near private drive,2,P.D. only,Thru lane,unknown,unknown,Other,Unknown,Daylight,01 - Daylight,Municipal (excl. Twp. Rd.),No control,unknown,0,0,0,False,False,False,Clear,,False,MAX BECKER DR; MAX BECKER DR ; At,1/30/2020 11:48:11 AM,,
47875,18-130068,1528492320000,2018,6,8,21,12,0,Friday,539771.57245,4809842.03877,-80.508535,43.44043,At/near private drive,1,Non-fatal injury,Thru lane,unknown,unknown,Turning movement,Unknown,"Dusk, artificial","06 - Dusk, artificial",Municipal (excl. Twp. Rd.),No control,unknown,0,0,0,False,True,False,Clear,,False,BELMONT AVE W; BURN PLACE; 6 M,1/30/2020 11:48:10 AM,,
47876,18-130320,1528520220000,2018,6,9,4,57,0,Saturday,549280.58971,4806286.03885,-80.39135499999999,43.407847,At/near private drive,2,P.D. only,Off highway,unknown,unknown,SMV other,Unknown,Dawn,03 - Dawn,Private property,No control,unknown,0,0,0,False,False,False,Clear,,False,GATEWAY PARK DR; KING ST E; Near; 5 M,1/30/2020 11:48:09 AM,,
47877,18-130487,1528542600000,2018,6,9,11,10,0,Saturday,541358.02768,4808643.25756,-80.48902199999999,43.42955,Intersection related,1,Non-fatal injury,Thru lane,unknown,unknown,Rear end,Unknown,Daylight,01 - Daylight,Municipal (excl. Twp. Rd.),Stop sign,Functioning,0,0,0,False,False,False,Clear,,False,HOFFMAN ST ; HOMER WATSON BLVD ; Near; 25 M,1/30/2020 11:48:09 AM,,
47878,18-130581,1528545540000,2018,6,9,11,59,0,Saturday,544829.21224,4805006.21896,-80.446435,43.396603,Non intersection,2,P.D. only,Thru lane,unknown,unknown,Rear end,Unknown,Daylight,01 - Daylight,Municipal (excl. Twp. Rd.),Ped. crossover,Functioning,0,0,0,False,False,False,Clear,,False,DOON VILLAGE RD; MILLWOOD CRES,1/30/2020 11:48:08 AM,,
47879,18-131307,1528616460000,2018,6,10,7,41,0,Sunday,539682.53261,4809082.89741,-80.50968999999999,43.433599,At/near private drive,2,P.D. only,Not on roadway - right side,unknown,unknown,SMV other,Unknown,Daylight,01 - Daylight,Private property,No control,unknown,0,0,0,False,False,False,Clear,,False,QUEENS BLVD; QUEENS BLVD ; At; 3 M,1/30/2020 11:48:07 AM,,
47880,18-131425,1528628460000,2018,6,10,11,1,0,Sunday,542866.28563,4810785.60463,-80.47022,43.448755,At intersection,2,P.D. only,Within intersection,unknown,unknown,Turning movement,Unknown,Daylight,01 - Daylight,Municipal (excl. Twp. Rd.),Stop sign,Functioning,0,0,0,False,False,False,Clear,,False,EAST AVE; STIRLING AVE N,1/30/2020 11:48:06 AM,,
47881,18-131447,1528629660000,2018,6,10,11,21,0,Sunday,545365.58857,4811022.8772,-80.439312,43.450744,At intersection,2,P.D. only,Within intersection,unknown,unknown,Angle,Unknown,Daylight,01 - Daylight,Municipal (excl. Twp. Rd.),Stop sign,Functioning,0,0,0,False,False,False,Clear,,False,HOLBORN DR; OLD CHICOPEE DR,1/30/2020 11:48:05 AM,,
47882,18-132307,1528680600000,2018,6,11,1,30,0,Monday,542522.7803,4807600.3698,-80.474713,43.420094999999996,At/near private drive,2,P.D. only,Thru lane,unknown,unknown,SMV unattended vehicle,Unknown,Dark,07 - Dark,Municipal (excl. Twp. Rd.),No control,unknown,0,0,0,False,False,False,Clear,,False,KINGSWOOD DR ; KINGSWOOD DR; At; 5 M,1/30/2020 11:48:04 AM,,
47883,18-132310,1528652700000,2018,6,10,17,45,0,Sunday,537311.82739,4808853.29941,-80.538997,43.431653999999995,At/near private drive,2,P.D. only,Thru lane,unknown,unknown,SMV unattended vehicle,Unknown,Daylight,01 - Daylight,Municipal (excl. Twp. Rd.),No control,unknown,0,0,0,False,False,False,Clear,,False,WILDLARK CRES; WILDLARK CRES; At,1/30/2020 11:48:03 AM,,
47884,18-132394,1528721340000,2018,6,11,12,49,0,Monday,539574.01702,4806250.58602,-80.511236,43.408103,At intersection,2,P.D. only,Within intersection,unknown,unknown,Turning movement,Unknown,Daylight,01 - Daylight,Municipal (excl. Twp. Rd.),Stop sign,Functioning,0,0,0,False,False,False,Clear,,False,ACTIVA AVE; COPPER LEAF ST,1/30/2020 11:48:02 AM,,
47885,18-132601,1528732200000,2018,6,11,15,50,0,Monday,543046.759,4812835.13815,-80.467827,43.467199,Non intersection,1,Non-fatal injury,Thru lane,unknown,unknown,Rear end,Unknown,Daylight,01 - Daylight,Municipal (excl. Twp. Rd.),No control,unknown,0,0,0,False,False,False,Clear,,False,RIVERBEND DR; SHELLEY DR,1/30/2020 11:48:01 AM,,
47886,18-132685,1528734600000,2018,6,11,16,30,0,Monday,542162.87999,4810382.81053,-80.478944,43.445167999999995,Intersection related,2,P.D. only,Thru lane,unknown,unknown,Rear end,Unknown,Daylight,01 - Daylight,Regional municipality,Stop sign,Functioning,0,0,0,False,False,False,Clear,,False,KING ST E; PANDORA AVE N; At,1/30/2020 11:48:00 AM,,
47887,18-132719,1528627500000,2018,6,10,10,45,0,Sunday,544513.39658,4811426.13658,-80.449812,43.454426,At/near private drive,2,P.D. only,Right shoulder,unknown,unknown,SMV unattended vehicle,Unknown,Daylight,01 - Daylight,Municipal (excl. Twp. Rd.),No control,unknown,0,0,0,False,False,False,Clear,,False,OWEN AVE; OWEN AVE,1/30/2020 11:47:59 AM,,
47888,18-132755,1528745760000,2018,6,11,19,36,0,Monday,543397.46258,4805617.87544,-80.464066,43.402194,At/near private drive,2,P.D. only,Off highway,unknown,unknown,SMV other,Unknown,Daylight,01 - Daylight,Municipal (excl. Twp. Rd.),No control,unknown,0,0,0,False,False,False,Clear,,False,TRILLIUM DR; TRILLIUM DR ; At; 10 M,1/30/2020 11:47:58 AM,,
47889,18-133101,1528794180000,2018,6,12,9,3,0,Tuesday,540122.30308,4809465.59248,-80.504228,43.437022,Intersection related,2,P.D. only,Thru lane,unknown,unknown,Rear end,Unknown,Daylight,01 - Daylight,Municipal (excl. Twp. Rd.),Stop sign,Functioning,0,0,0,False,False,False,Clear,,False,BELMONT AVE E; SPADINA RD W; At; 0 M,1/30/2020 11:47:57 AM,,
47890,18-133565,1528657200000,2018,6,10,19,0,0,Sunday,547302.91086,4805667.55785,-80.41583299999999,43.402404999999995,At/near private drive,2,P.D. only,Right shoulder,unknown,unknown,SMV unattended vehicle,Unknown,Daylight,01 - Daylight,Municipal (excl. Twp. Rd.),No control,unknown,0,0,0,False,False,False,Clear,,False,JOSEPH SCHOERG CRES; JOSEPH SCHOERG CRES,1/30/2020 11:47:56 AM,,
47891,18-134091,1528893240000,2018,6,13,12,34,0,Wednesday,544233.04526,4808805.18457,-80.45348899999999,43.430844,At intersection,2,P.D. only,Within intersection,unknown,unknown,Angle,Unknown,Daylight,01 - Daylight,Municipal (excl. Twp. Rd.),Stop sign,Functioning,0,0,0,False,False,False,Clear,,False,FIFTH AVE; CONNAUGHT ST,1/30/2020 11:47:55 AM,,
47892,18-134208,1528900680000,2018,6,13,14,38,0,Wednesday,541501.74777,4811993.70854,-80.486991,43.45971,At intersection,1,Non-fatal injury,Within intersection,unknown,unknown,Angle,Unknown,Daylight,01 - Daylight,Municipal (excl. Twp. Rd.),Stop sign,Functioning,0,0,0,False,False,False,Clear,,False,WELLINGTON ST N; ST LEGER ST,1/30/2020 11:47:54 AM,,
47893,18-134279,1528711200000,2018,6,11,10,0,0,Monday,543075.83304,4812800.34301,-80.467471,43.466884,Intersection related,1,Non-fatal injury,Thru lane,unknown,unknown,Rear end,Unknown,Daylight,01 - Daylight,Municipal (excl. Twp. Rd.),Traffic signal,Functioning,0,0,0,False,False,False,Clear,,False,SHIRLEY AVE; RIVERBEND DR,1/30/2020 11:47:54 AM,,
47894,18-134429,1528909500000,2018,6,13,17,5,0,Wednesday,543339.50716,4812832.68747,-80.464209,43.46716,Non intersection,2,P.D. only,Thru lane,unknown,unknown,Rear end,Unknown,Daylight,01 - Daylight,Municipal (excl. Twp. Rd.),No control,unknown,0,0,0,False,False,False,Clear,,False,SHIRLEY AVE; SHIRLEY AVE; Near,1/30/2020 11:47:52 AM,,
47895,18-134446,1528904700000,2018,6,13,15,45,0,Wednesday,547167.02077,4805717.77708,-80.417507,43.402865999999996,At/near private drive,1,Non-fatal injury,Thru lane,unknown,unknown,Other,Unknown,Daylight,01 - Daylight,Municipal (excl. Twp. Rd.),No control,unknown,0,0,0,False,False,False,Clear,,False,DEER RIDGE DR; DEER RIDGE DR; At,1/30/2020 11:47:51 AM,,
47896,18-134469,1528920000000,2018,6,13,20,0,0,Wednesday,541570.28336,4809408.06556,-80.486341,43.436425,Non intersection,1,Non-fatal injury,Not on roadway - right side,unknown,unknown,SMV other,Unknown,Daylight,01 - Daylight,Municipal (excl. Twp. Rd.),No control,unknown,0,0,0,False,False,False,Clear,,False,MILL ST; MILL ST ; Near; 1 M,1/30/2020 11:47:51 AM,,
47897,18-135309,1528998000000,2018,6,14,17,40,0,Thursday,541868.5369,4806791.2551,-80.482857,43.412845999999995,At intersection,2,P.D. only,Within intersection,unknown,unknown,Turning movement,Unknown,Daylight,01 - Daylight,Municipal (excl. Twp. Rd.),Stop sign,Functioning,0,0,0,False,False,False,Clear,,False,RITTENHOUSE RD; BROOKFIELD CRES,1/30/2020 11:47:50 AM,,
47898,18-135825,1529058480000,2018,6,15,10,28,0,Friday,541344.31498,4809062.60835,-80.489159,43.433327,At intersection,2,P.D. only,Within intersection,unknown,unknown,Turning movement,Unknown,Daylight,01 - Daylight,Regional municipality,Stop sign,Functioning,0,0,0,False,False,False,Clear,,False,HIGHLAND RD E; HEIMAN S,1/30/2020 11:47:49 AM,,
47899,18-135938,1528996500000,2018,6,14,17,15,0,Thursday,543857.07933,4805115.05876,-80.45842999999999,43.397639999999996,Intersection related,2,P.D. only,Right turn channel,unknown,unknown,Rear end,Unknown,Daylight,01 - Daylight,Regional municipality,Yield sign,Functioning,0,0,0,False,False,False,Clear,,False,HURON RD; TRILLIUM DR,1/30/2020 11:47:48 AM,,
47900,18-136147,1528992000000,2018,6,14,16,0,0,Thursday,539356.6626,4811712.04599,-80.513527,43.45729,Non intersection,2,P.D. only,Thru lane,unknown,unknown,SMV unattended vehicle,Unknown,Daylight,01 - Daylight,Municipal (excl. Twp. Rd.),No control,unknown,0,0,0,False,False,False,Clear,,False,MT HOPE ST; KING ST W; Near; 50 M,1/30/2020 11:47:47 AM,,
47901,18-136163,1529084760000,2018,6,15,17,46,0,Friday,543628.94945,4808733.70176,-80.46095799999999,43.430236,Non intersection,1,Non-fatal injury,Off highway,unknown,unknown,SMV other,Unknown,Daylight,01 - Daylight,Municipal (excl. Twp. Rd.),No control,unknown,0,0,0,False,False,False,Clear,,False,BONIFACE AVE; BONIFACE AVE ; 10 M,1/30/2020 11:47:46 AM,,
47902,18-136172,1529085480000,2018,6,15,17,58,0,Friday,541068.0,4811108.0,0.0,0.0,Intersection related,2,P.D. only,Thru lane,unknown,unknown,Other,Unknown,Daylight,01 - Daylight,Municipal (excl. Twp. Rd.),Stop sign,Functioning,0,0,0,False,False,False,Clear,,False,FALL HARVEST DR; PIONEER RIDGE DR; Near; 10 M,1/30/2020 11:47:45 AM,,
47903,18-136178,1529086020000,2018,6,15,18,7,0,Friday,538473.25274,4807958.1137,-80.52471,43.423535,At/near private drive,2,P.D. only,Thru lane,unknown,unknown,Turning movement,Unknown,Daylight,01 - Daylight,Municipal (excl. Twp. Rd.),No control,unknown,0,0,0,False,False,False,Clear,,False,ELM RIDGE DR; ELM RIDGE DR ; At; 2 M,1/30/2020 11:47:44 AM,,
47904,18-136303,1529095500000,2018,6,15,20,45,0,Friday,543201.83126,4812099.62527,-80.465969,43.460567,At/near private drive,2,P.D. only,Right shoulder,unknown,unknown,SMV other,Unknown,Daylight,01 - Daylight,Municipal (excl. Twp. Rd.),No control,unknown,0,0,0,False,False,False,Clear,,False,FREDERICK ST; FREDERICK ST ; At; 5 M,1/30/2020 11:47:43 AM,,