OBJECTID,ACCIDENTNUM,ACCIDENTDATE,ACCIDENT_YEAR,ACCIDENT_MONTH,ACCIDENT_DAY,ACCIDENT_HOUR,ACCIDENT_MINUTE,ACCIDENT_SECOND,ACCIDENT_WEEKDAY,XCOORD,YCOORD,LONGITUDE,LATITUDE,ACCIDENTLOCATION,COLLISIONTYPE,CLASSIFICATIONOFACCIDENT,IMPACTLOCATION,INITIALDIRECTIONOFTRAVELONE,INITIALDIRECTIONOFTRAVELTWO,INITIALIMPACTTYPE,INTTRAFFICCONTROL,LIGHT,LIGHTFORREPORT,ROADJURISDICTION,TRAFFICCONTROL,TRAFFICCONTROLCONDITION,THRULANENO,NORTHBOUNDDISOBEYCOUNT,SOUTHBOUNDDISOBEYCOUNT,PEDESTRIANINVOLVED,CYCLISTINVOLVED,MOTORCYCLISTINVOLVED,ENVIRONMENTCONDITION1,ENVIRONMENTCONDITION2,SELFREPORTED,XMLIMPORTNOTES,LASTEDITEDDATE,CREATE_BY,CREATE_DATE
47974,18-158636,1531330260000,2018,7,11,17,31,0,Wednesday,545270.44612,4804852.18771,-80.441,43.395188999999995,At/near private drive,1,Non-fatal injury,Thru lane,unknown,unknown,Other,Unknown,Daylight,01 - Daylight,Municipal (excl. Twp. Rd.),No control,unknown,0,0,0,False,False,False,Clear,,False,UPPER CANADA DR; UPPER CANADA DR ; At; 1 M,1/30/2020 11:46:40 AM,,
47975,18-159000,1531376400000,2018,7,12,6,20,0,Thursday,542980.26776,4814265.92724,-80.468537,43.480084999999995,Non intersection,1,Non-fatal injury,Not on roadway - left side,unknown,unknown,SMV other,Unknown,Dawn,03 - Dawn,Municipal (excl. Twp. Rd.),No control,unknown,0,0,0,False,False,False,Clear,,False,STANLEY AVE ; STANLEY AVE ; At; 1 M,1/30/2020 11:46:39 AM,,
47976,18-159281,1531396800000,2018,7,12,12,0,0,Thursday,541068.0,4811108.0,0.0,0.0,At/near private drive,2,P.D. only,Right shoulder,unknown,unknown,SMV unattended vehicle,Unknown,Daylight,01 - Daylight,Municipal (excl. Twp. Rd.),No control,unknown,0,0,0,False,False,False,Clear,,False,WATERMILL ST; WATERMILL ST ; 2 M,1/30/2020 11:46:38 AM,,
47977,18-159480,1531419000000,2018,7,12,18,10,0,Thursday,537579.94712,4810041.80485,-80.535602,43.442342,Non intersection,2,P.D. only,Thru lane,unknown,unknown,SMV unattended vehicle,Unknown,Daylight,01 - Daylight,Regional municipality,No control,unknown,0,0,0,False,False,False,Clear,,False,WESTWOOD DR; WESTWOOD DR ; Near; 3 M,1/30/2020 11:46:37 AM,,
47978,18-159924,1531469160000,2018,7,13,8,6,0,Friday,545187.75585,4806605.44678,-80.441876,43.410981,At/near private drive,2,P.D. only,Thru lane,unknown,unknown,Rear end,Unknown,Daylight,01 - Daylight,Municipal (excl. Twp. Rd.),No control,unknown,0,0,0,False,False,False,Clear,,False,WILSON AVE; WILSON AVE ; 4 M,1/30/2020 11:46:36 AM,,
47979,18-159964,1531472520000,2018,7,13,9,2,0,Friday,544065.45855,4804472.15283,-80.45590899999999,43.391839,At intersection,2,P.D. only,Within intersection,unknown,unknown,Turning movement,Unknown,Daylight,01 - Daylight,Municipal (excl. Twp. Rd.),Stop sign,Functioning,0,0,0,False,False,False,Clear,,False,BIEHN DR; MARL MEADOW DR,1/30/2020 11:46:35 AM,,
47980,18-160201,1531487100000,2018,7,13,13,5,0,Friday,547092.0759,4808414.57877,-80.4182,43.427153,At/near private drive,2,P.D. only,Thru lane,unknown,unknown,Turning movement,Unknown,Daylight,01 - Daylight,Municipal (excl. Twp. Rd.),No control,unknown,0,0,0,False,False,False,Clear,,False,GRAND RIVER BLVD; GRAND RIVER BLVD; At; 0 M,1/30/2020 11:46:34 AM,,
47981,18-160239,1531428300000,2018,7,12,20,45,0,Thursday,540331.6294,4806360.10119,-80.501871,43.409048,At/near private drive,2,P.D. only,Thru lane,unknown,unknown,SMV unattended vehicle,Unknown,Daylight,01 - Daylight,Municipal (excl. Twp. Rd.),No control,unknown,0,0,0,False,False,False,Clear,,False,HIGHBROOK CRT; HIGHBROOK CRT ; At; 1 M,1/30/2020 11:46:33 AM,,
47982,18-160396,1531504800000,2018,7,13,18,0,0,Friday,541619.51547,4808518.45058,-80.485801,43.428412,Intersection related,2,P.D. only,Thru lane,unknown,unknown,Rear end,Unknown,Daylight,01 - Daylight,Regional municipality,Traffic signal,Functioning,0,0,0,False,False,False,Clear,,False,HOMER WATSON BLVD; 7 8 W OFF TO HOMER WATSON BLVD S,1/30/2020 11:46:32 AM,,
47983,18-160929,1530550800000,2018,7,2,17,0,0,Monday,539450.38546,4806672.10294,-80.512732,43.411905,Non intersection,2,P.D. only,Thru lane,unknown,unknown,SMV unattended vehicle,Unknown,Daylight,01 - Daylight,Municipal (excl. Twp. Rd.),No control,unknown,0,0,0,False,False,False,Clear,,False,QUEEN CHARLOTTE CRES; QUEEN CHARLOTTE CRES ; Near,1/30/2020 11:46:31 AM,,
47984,18-161384,1531609020000,2018,7,14,22,57,0,Saturday,539936.85166,4809001.41842,-80.506554,43.432852,At/near private drive,2,P.D. only,Off highway,unknown,unknown,SMV other,Unknown,Dark,07 - Dark,Municipal (excl. Twp. Rd.),No control,unknown,0,0,0,False,False,False,Clear,,False,BLUERIDGE AVE; BLUERIDGE AVE ; Near; 5 M,1/30/2020 11:46:29 AM,,
47985,18-161770,1531584600000,2018,7,14,16,10,0,Saturday,535550.89061,4809282.29127,-80.560726,43.435601999999996,At/near private drive,2,Non-reportable,Thru lane,unknown,unknown,Turning movement,Unknown,Daylight,01 - Daylight,Municipal (excl. Twp. Rd.),Stop sign,Functioning,0,0,0,False,False,False,Clear,,False,THE BOARDWALK; THE BOARDWALK; At,1/30/2020 11:46:28 AM,,
47986,18-161839,1531654200000,2018,7,15,11,30,0,Sunday,538728.63337,4810631.64287,-80.521366,43.447593999999995,At/near private drive,2,P.D. only,Thru lane,unknown,unknown,SMV unattended vehicle,Unknown,Daylight,01 - Daylight,Municipal (excl. Twp. Rd.),No control,unknown,0,0,0,False,False,False,Clear,,False,KATHERINE CRES; KATHERINE CRES; At; 1 M,1/30/2020 11:46:27 AM,,
47987,18-162101,1531688340000,2018,7,15,20,59,0,Sunday,541068.0,4811108.0,0.0,0.0,At intersection,2,P.D. only,Within intersection,unknown,unknown,Turning movement,Unknown,Daylight,01 - Daylight,Municipal (excl. Twp. Rd.),Stop sign,Functioning,0,0,0,False,False,False,Clear,,False,WATER ST N; BELL LANE,1/30/2020 11:46:26 AM,,
47988,18-162341,1531727220000,2018,7,16,7,47,0,Monday,544436.19786,4808715.60763,-80.450986,43.430025,Intersection related,2,P.D. only,Thru lane,unknown,unknown,Rear end,Unknown,Daylight,01 - Daylight,Municipal (excl. Twp. Rd.),Stop sign,Functioning,0,0,0,False,False,False,Clear,,False,FRANKLIN ST S; CONNAUGHT ST; 4 M,1/30/2020 11:46:25 AM,,
47989,18-162390,1531663200000,2018,7,15,14,0,0,Sunday,544127.86227,4812489.66327,-80.45449099999999,43.464025,At/near private drive,2,P.D. only,Thru lane,unknown,unknown,SMV unattended vehicle,Unknown,Daylight,01 - Daylight,Municipal (excl. Twp. Rd.),No control,unknown,0,0,0,False,False,False,Clear,,False,MONTEREY RD; MONTEREY RD,1/30/2020 11:46:25 AM,,
47990,18-162628,1531744200000,2018,7,16,12,30,0,Monday,541899.33584,4806677.66408,-80.482485,43.411822,At/near private drive,1,Non-fatal injury,Thru lane,unknown,unknown,Rear end,Unknown,Daylight,01 - Daylight,Municipal (excl. Twp. Rd.),No control,unknown,0,0,0,False,False,False,Clear,,False,RITTENHOUSE RD; RITTENHOUSE RD,1/30/2020 11:46:23 AM,,
47991,18-163157,1531766700000,2018,7,16,18,45,0,Monday,543023.30688,4806129.09884,-80.46864599999999,43.406819,Non intersection,2,P.D. only,Not on roadway - left side,unknown,unknown,SMV other,Unknown,Daylight,01 - Daylight,Municipal (excl. Twp. Rd.),No control,unknown,0,0,0,False,False,False,Rain,,False,SHOEMAKER ST; SHOEMAKER ST ; At; 37 M,1/30/2020 11:46:22 AM,,
47992,18-163331,1531757700000,2018,7,16,16,15,0,Monday,539750.56959,4811229.47651,-80.508693,43.452923999999996,At/near private drive,2,P.D. only,Thru lane,unknown,unknown,Rear end,Unknown,Daylight,01 - Daylight,Municipal (excl. Twp. Rd.),No control,unknown,0,0,0,False,False,False,Clear,,False,PARK ST; PARK ST; Near,1/30/2020 11:46:21 AM,,
47993,18-163621,1531848000000,2018,7,17,17,20,0,Tuesday,541225.3373,4811868.46068,-80.490417,43.458597,At intersection,2,P.D. only,Within intersection,unknown,unknown,Angle,Unknown,Daylight,01 - Daylight,Municipal (excl. Twp. Rd.),Traffic signal,Functioning,0,1,0,False,False,False,Clear,,False,WELLINGTON ST N; MARGARET AVE,1/30/2020 11:46:21 AM,,
47994,18-164021,1531900560000,2018,7,18,7,56,0,Wednesday,542313.84604,4810286.89146,-80.477086,43.444296,At intersection,2,P.D. only,Within intersection,unknown,unknown,Angle,Unknown,Daylight,01 - Daylight,Municipal (excl. Twp. Rd.),Traffic signal,Functioning,0,0,0,False,False,False,Clear,,False,KING ST E; STIRLING AVE N,1/30/2020 11:46:20 AM,,
47995,18-164223,1531854900000,2018,7,17,19,15,0,Tuesday,544503.04133,4808083.11598,-80.450212,43.424326,At/near private drive,2,P.D. only,Thru lane,unknown,unknown,SMV unattended vehicle,Unknown,Daylight,01 - Daylight,Municipal (excl. Twp. Rd.),No control,unknown,0,0,0,False,False,False,Clear,,False,BYRON AVE; BRYON AVE,1/30/2020 11:46:18 AM,,
47996,18-164452,1531931400000,2018,7,18,16,30,0,Wednesday,546528.42288,4806821.4102,-80.425299,43.412842999999995,Non intersection,2,P.D. only,Thru lane,unknown,unknown,Other,Unknown,Daylight,01 - Daylight,Municipal (excl. Twp. Rd.),No control,unknown,0,0,0,False,False,False,Clear,,False,HIDDEN VALLEY CRES; HIDDEN VALLEY CRES,1/30/2020 11:46:18 AM,,
47997,18-165343,1531940400000,2018,7,18,19,0,0,Wednesday,546535.46407,4806986.36563,-80.425198,43.414328,At/near private drive,2,P.D. only,Thru lane,unknown,unknown,SMV unattended vehicle,Unknown,Daylight,01 - Daylight,Municipal (excl. Twp. Rd.),No control,unknown,0,0,0,False,False,False,Clear,,False,HIDDEN VALLEY CRES; HIDDEN VALLEY CRES,1/30/2020 11:46:16 AM,,
47998,18-165436,1531987200000,2018,7,19,8,0,0,Thursday,542498.47396,4816311.71905,-80.474334,43.498532999999995,At/near private drive,2,P.D. only,Thru lane,unknown,unknown,Other,Unknown,Daylight,01 - Daylight,Municipal (excl. Twp. Rd.),No control,unknown,0,0,0,False,False,False,Clear,,False,FALCONRIDGE DR; FALCONRIDGE DR,1/30/2020 11:46:16 AM,,
47999,18-165940,1532090520000,2018,7,20,12,42,0,Friday,540613.88213,4809913.60435,-80.498121,43.441029,At/near private drive,1,Non-fatal injury,Thru lane,unknown,unknown,Turning movement,Unknown,Daylight,01 - Daylight,Regional municipality,Stop sign,Functioning,0,0,0,False,False,False,Clear,,False,QUEENS BLVD ; HIGHLAND RD W; At; 0 M,1/30/2020 11:46:15 AM,,
48000,18-165959,1532091000000,2018,7,20,12,50,0,Friday,538421.61431,4808462.85112,-80.525313,43.428081999999996,Non intersection,1,Non-fatal injury,Thru lane,unknown,unknown,Sideswipe,Unknown,Daylight,01 - Daylight,unknown,No control,unknown,0,0,0,False,False,False,Clear,,False,QUEENS BLVD; FISCHER HALLMAN RD ; Near; 150 M,2/19/2019 2:08:30 PM,,
48001,18-166059,1532098260000,2018,7,20,14,51,0,Friday,543726.66735,4810736.95669,-80.459591,43.448267,At intersection,2,P.D. only,Within intersection,unknown,unknown,Turning movement,Unknown,Daylight,01 - Daylight,Municipal (excl. Twp. Rd.),Stop sign,Functioning,0,0,0,False,False,False,Clear,,False,NOTTINGHAM AVE; MANCHESTER RD,1/30/2020 11:46:13 AM,,
48002,18-166089,1532006400000,2018,7,19,13,20,0,Thursday,545318.78662,4802513.95156,-80.440596,43.374133,At/near private drive,2,P.D. only,Off highway,unknown,unknown,Other,Unknown,Daylight,01 - Daylight,Municipal (excl. Twp. Rd.),No control,unknown,0,0,0,False,False,False,Clear,,False,MEADOWRIDGE ST; MEADOWRIDGE ST,1/30/2020 11:46:12 AM,,
48003,18-166270,1532101500000,2018,7,20,15,45,0,Friday,545158.6592,4807238.71074,-80.442183,43.416684,Non intersection,2,P.D. only,Thru lane,unknown,unknown,SMV other,Unknown,Daylight,01 - Daylight,Municipal (excl. Twp. Rd.),Stop sign,Functioning,0,0,0,False,False,False,Clear,,False,WILSON AVE; WEBSTER RD; 100 M,1/30/2020 11:46:11 AM,,
48004,18-166556,1532129400000,2018,7,20,23,30,0,Friday,541034.63518,4812314.83431,-80.492741,43.462627,Non intersection,2,P.D. only,Thru lane,unknown,unknown,SMV unattended vehicle,Unknown,Dark,07 - Dark,Municipal (excl. Twp. Rd.),No control,unknown,0,0,0,False,False,False,Rain,,False,BLUCHER ST ; BLUCHER ST ; At; 40 M,1/30/2020 11:46:11 AM,,
48005,18-167136,1532207520000,2018,7,21,21,12,0,Saturday,543988.62147,4807775.11386,-80.456592,43.421583999999996,Intersection related,2,P.D. only,Not on roadway - left side,unknown,unknown,SMV other,Unknown,Dusk,05 - Dusk,Municipal (excl. Twp. Rd.),Stop sign,Functioning,0,0,0,False,False,False,Clear,,False,VANIER DR; SIEBERT AVE; Near; 20 M,1/30/2020 11:46:09 AM,,
48006,18-167736,1532181600000,2018,7,21,14,0,0,Saturday,541053.3353,4805892.85563,-80.492993,43.404802,Non intersection,2,P.D. only,Thru lane,unknown,unknown,SMV unattended vehicle,Unknown,Daylight,01 - Daylight,Municipal (excl. Twp. Rd.),No control,unknown,0,0,0,False,False,False,Clear,,False,TARA CRES; TARA CRES ; Near; 20 M,1/30/2020 11:46:09 AM,,
48007,18-167759,1532280960000,2018,7,22,17,36,0,Sunday,540677.3114,4809881.22748,-80.49734,43.440734,Intersection related,2,Non-reportable,Thru lane,unknown,unknown,SMV unattended vehicle,Unknown,Daylight,01 - Daylight,Regional municipality,No control,unknown,0,0,0,False,False,False,Clear,,False,QUEENS BLVD; HIGHLAND RD W; 70 M,1/30/2020 11:46:08 AM,,
48008,18-168213,1532173500000,2018,7,21,11,45,0,Saturday,540619.98339,4810958.72608,-80.497968,43.450438999999996,Intersection related,2,P.D. only,Thru lane,unknown,unknown,Angle,Unknown,Daylight,01 - Daylight,Municipal (excl. Twp. Rd.),Stop sign,Functioning,0,0,0,False,False,False,Clear,,False,JOSEPH ST; LINDEN AVE,1/30/2020 11:46:07 AM,,
48009,18-168244,1532339400000,2018,7,23,9,50,0,Monday,541653.30208,4810709.859,-80.485216,43.448142,Non intersection,2,P.D. only,Other,unknown,unknown,SMV unattended vehicle,Unknown,Daylight,01 - Daylight,Regional municipality,No control,unknown,0,0,0,False,False,False,Clear,,False,KING ST E; KING ST E; At; 2 M,1/30/2020 11:46:06 AM,,
48010,18-169122,1532434260000,2018,7,24,12,11,0,Tuesday,541068.0,4811108.0,0.0,0.0,At/near private drive,2,P.D. only,Thru lane,unknown,unknown,Other,Unknown,Daylight,01 - Daylight,Municipal (excl. Twp. Rd.),No control,unknown,0,0,0,False,False,False,Clear,,False,BEDFORD RD; BEDFORD RD ; At; 25 M,1/30/2020 11:46:05 AM,,
48011,18-169230,1532441880000,2018,7,24,14,18,0,Tuesday,541068.0,4811108.0,0.0,0.0,At intersection,2,P.D. only,Within intersection,unknown,unknown,Angle,Unknown,Daylight,01 - Daylight,Municipal (excl. Twp. Rd.),Stop sign,Functioning,0,0,0,False,False,False,Clear,,False,CHARLES ST E; PRESTON ST,1/30/2020 11:46:04 AM,,
48012,18-169380,1532223000000,2018,7,22,1,30,0,Sunday,541944.71948,4813016.47285,-80.481437,43.468894,Non intersection,2,P.D. only,Thru lane,unknown,unknown,SMV unattended vehicle,Unknown,"Dark, artificial","08 - Dark, artificial",Municipal (excl. Twp. Rd.),No control,unknown,0,0,0,False,False,False,Rain,,False,ARNOLD ST; ARNOLD ST; Near,1/30/2020 11:46:03 AM,,
48013,18-169397,1532433600000,2018,7,24,12,0,0,Tuesday,547659.76442,4811451.49072,-80.410922,43.454460999999995,Non intersection,2,P.D. only,Right shoulder,unknown,unknown,SMV unattended vehicle,Unknown,Daylight,01 - Daylight,Municipal (excl. Twp. Rd.),No control,unknown,0,0,0,False,False,False,Clear,,False,OLD ZELLER DR; OLD ZELLER DR,1/30/2020 11:46:02 AM,,
48014,18-169579,1532473200000,2018,7,24,23,0,0,Tuesday,541854.46902,4803512.19275,-80.48328099999999,43.383322,Intersection related,2,P.D. only,Not on roadway - left side,unknown,unknown,SMV other,Unknown,Dark,07 - Dark,Regional municipality,Yield sign,Functioning,0,0,0,False,False,False,Clear,,False,HURON RD; WOODBINE AVE,1/30/2020 11:46:01 AM,,
48015,18-169633,1532479080000,2018,7,25,0,38,0,Wednesday,541315.96904,4809722.08352,-80.48946,43.439265999999996,Other,2,P.D. only,Off highway,unknown,unknown,SMV other,Unknown,Dark,07 - Dark,Municipal (excl. Twp. Rd.),Stop sign,Functioning,0,0,0,False,False,False,Clear,,False,MILL ST; MILL ST ; At; 0 M,1/30/2020 11:46:00 AM,,
48016,18-170084,1532526060000,2018,7,25,13,41,0,Wednesday,542313.26959,4810285.02796,-80.477093,43.444278999999995,Intersection related,2,P.D. only,Thru lane,unknown,unknown,Rear end,Unknown,Daylight,01 - Daylight,Regional municipality,Traffic signal,Functioning,0,0,0,False,False,False,Clear,,False,STIRLING AVE N; KING ST E,1/30/2020 11:45:59 AM,,
48017,18-170296,1532539200000,2018,7,25,17,20,0,Wednesday,542010.31178,4810481.83365,-80.480822,43.446069,At intersection,1,Non-fatal injury,Within intersection,unknown,unknown,Turning movement,Unknown,Daylight,01 - Daylight,Municipal (excl. Twp. Rd.),Stop sign,Functioning,0,0,0,False,False,False,Clear,,False,KING ST E; CAMERON ST N,1/30/2020 11:45:58 AM,,
48018,18-170333,1532538000000,2018,7,25,17,0,0,Wednesday,538038.95873,4810095.11877,-80.529927,43.442799,At/near private drive,2,P.D. only,Thru lane,unknown,unknown,SMV unattended vehicle,Unknown,Daylight,01 - Daylight,Municipal (excl. Twp. Rd.),No control,unknown,0,0,0,False,False,False,Clear,,False,MARKWOOD DR; MARKWOOD DR,1/30/2020 11:45:57 AM,,
48019,18-170827,1532440800000,2018,7,24,14,0,0,Tuesday,544883.62212,4804848.51708,-80.445776,43.395179,Intersection related,1,Non-fatal injury,Thru lane,unknown,unknown,Rear end,Unknown,Daylight,01 - Daylight,Municipal (excl. Twp. Rd.),Traffic signal,Functioning,0,0,0,False,False,False,Clear,,False,PIONEER DR; DOON VILLAGE RD,1/30/2020 11:45:56 AM,,
48020,18-171221,1532588400000,2018,7,26,7,0,0,Thursday,540561.29416,4805558.95337,-80.499094,43.401821999999996,Intersection related,2,P.D. only,Thru lane,unknown,unknown,SMV unattended vehicle,Unknown,Daylight,01 - Daylight,Municipal (excl. Twp. Rd.),Stop sign,Functioning,0,0,0,False,False,False,Clear,,False,HELENA FEASBY ST; HARDING ST,1/30/2020 11:45:55 AM,,
48021,18-171769,1532673600000,2018,7,27,6,40,0,Friday,544775.24382,4808996.87464,-80.446775,43.432538,At/near private drive,1,Non-fatal injury,Thru lane,unknown,unknown,Angle,Unknown,Daylight,01 - Daylight,Municipal (excl. Twp. Rd.),No control,unknown,0,0,0,False,False,False,Clear,,False,NINTH AVE ; KINGSWAY DR ; At,1/30/2020 11:45:54 AM,,
48022,18-172166,1532720700000,2018,7,27,19,45,0,Friday,544744.07359,4811439.45903,-80.44695899999999,43.454533,Other,2,P.D. only,Thru lane,unknown,unknown,Rear end,Unknown,Daylight,01 - Daylight,Regional municipality,Ped. crossover,Functioning,0,0,0,False,False,False,Clear,,False,RIVER RD E; HICKSON DR; Near,1/30/2020 11:45:53 AM,,
48023,18-172527,1532766660000,2018,7,28,8,31,0,Saturday,538898.51911,4811469.16441,-80.519207,43.455127,At intersection,2,P.D. only,Within intersection,unknown,unknown,Sideswipe,Unknown,Daylight,01 - Daylight,Regional municipality,Traffic signal,Functioning,0,0,0,False,False,False,Clear,,False,UNION BLVD; BELMONT AVE W,1/30/2020 11:45:52 AM,,
48024,18-172837,1532795340000,2018,7,28,16,29,0,Saturday,542334.3931,4810753.67192,-80.476795,43.448498,Non intersection,1,Non-fatal injury,Not on roadway - left side,unknown,unknown,SMV other,Unknown,Daylight,01 - Daylight,Municipal (excl. Twp. Rd.),No control,unknown,0,0,0,False,False,False,Clear,,False,CAMERON ST N; TROY ST ; Near; 46 M,1/30/2020 11:45:51 AM,,
48025,18-173212,1532825580000,2018,7,29,0,53,0,Sunday,543232.52647,4804484.34638,-80.46619199999999,43.391996999999996,At intersection,2,P.D. only,Within intersection,unknown,unknown,SMV other,Unknown,Dark,07 - Dark,Regional municipality,Yield sign,Functioning,0,0,0,False,False,False,Clear,,False,HURON RD; STRASBURG RD,1/30/2020 11:45:50 AM,,
48026,18-174101,1532939460000,2018,7,30,8,31,0,Monday,540683.7996,4811615.27438,-80.49713,43.456347,At intersection,2,P.D. only,Within intersection,unknown,unknown,Angle,Unknown,Daylight,01 - Daylight,Municipal (excl. Twp. Rd.),Stop sign,Functioning,0,0,0,False,False,False,Clear,,False,DUKE ST W; WELLINGTON ST N,1/30/2020 11:45:49 AM,,
48027,18-174253,1532953380000,2018,7,30,12,23,0,Monday,537208.74323,4807453.64532,-80.54036599999999,43.419056,Non intersection,2,P.D. only,Thru lane,unknown,unknown,Approaching,Unknown,Daylight,01 - Daylight,Municipal (excl. Twp. Rd.),No control,unknown,0,0,0,False,False,False,Clear,,False,BROKEN OAK CRES; BROKEN OAK CRES ; Near; 5 M,1/30/2020 11:45:48 AM,,
48028,18-174342,1532959680000,2018,7,30,14,8,0,Monday,541186.42299,4810972.22442,-80.490966,43.45053,At/near private drive,2,P.D. only,Not on roadway - left side,unknown,unknown,SMV other,Unknown,Daylight,01 - Daylight,Municipal (excl. Twp. Rd.),No control,unknown,0,0,0,False,False,False,Clear,,False,KING ST W; KING ST W; 10 M,1/30/2020 11:45:47 AM,,
48029,18-175186,1533040200000,2018,7,31,12,30,0,Tuesday,542504.08103,4815770.75597,-80.474307,43.493662,Intersection related,2,P.D. only,Not on roadway - right side,unknown,unknown,SMV other,Unknown,Daylight,01 - Daylight,Municipal (excl. Twp. Rd.),Stop sign,Functioning,0,0,0,False,False,False,Clear,,False,OLD COTTAGE PL; OLD COTTAGE CLOSE; Near; 20 M,1/30/2020 11:45:46 AM,,
48030,18-175500,1533071700000,2018,7,31,21,15,0,Tuesday,540297.0713,4809412.75859,-80.502073,43.436537,Non intersection,2,P.D. only,Not on roadway - left side,unknown,unknown,SMV other,Unknown,Dark,07 - Dark,Municipal (excl. Twp. Rd.),No control,unknown,0,0,0,False,False,False,Clear,,False,SOUTH DR; SOUTH DR ; At; 0 M,1/30/2020 11:45:45 AM,,
48031,18-175950,1533022200000,2018,7,31,7,30,0,Tuesday,538043.95573,4809814.81203,-80.529884,43.440275,At/near private drive,2,P.D. only,Thru lane,unknown,unknown,SMV unattended vehicle,Unknown,Daylight,01 - Daylight,Municipal (excl. Twp. Rd.),No control,unknown,0,0,0,False,False,False,Clear,,False,INGLESIDE DR; INGLESIDE DR,1/30/2020 11:45:44 AM,,
48032,18-176670,1533200880000,2018,8,2,9,8,0,Thursday,545407.88458,4808366.35426,-80.439011,43.426822,At/near private drive,2,P.D. only,Thru lane,unknown,unknown,Turning movement,Unknown,Daylight,01 - Daylight,Municipal (excl. Twp. Rd.),No control,unknown,0,0,0,False,False,False,Clear,,False,CEDARWOODS CRES; CEDARWOODS CRES ; At; 5 M,1/30/2020 11:45:43 AM,,
48033,18-177166,1533238200000,2018,8,2,19,30,0,Thursday,540342.79277,4812003.63035,-80.501316,43.459863,At/near private drive,2,P.D. only,Right shoulder,unknown,unknown,SMV unattended vehicle,Unknown,"Daylight, artificial","02 - Daylight, artificial",Municipal (excl. Twp. Rd.),No control,unknown,0,0,0,False,False,False,Clear,,False,DUKE ST W; DUKE ST W; Near; 2 M,1/30/2020 11:45:42 AM,,
48034,18-177600,1533289200000,2018,8,3,9,40,0,Friday,540670.48878,4807992.03446,-80.497565,43.423724,Non intersection,1,Non-fatal injury,Not on roadway - left side,unknown,unknown,SMV other,Unknown,Daylight,01 - Daylight,Regional municipality,No control,unknown,0,0,0,False,False,False,Clear,,False,CHANDLER DRIVE; CHANDLER DR ; At; 10 M,1/30/2020 11:45:42 AM,,
48035,18-177609,1532851200000,2018,7,29,8,0,0,Sunday,544628.01291,4804593.69948,-80.448953,43.392900000000004,At/near private drive,2,P.D. only,Thru lane,unknown,unknown,SMV unattended vehicle,Unknown,Daylight,01 - Daylight,Municipal (excl. Twp. Rd.),No control,unknown,0,0,0,False,False,False,Clear,,False,NATHANIEL CRES; NATHANIEL CRES; At; 0 M,1/30/2020 11:45:41 AM,,
48036,18-177769,1533301200000,2018,8,3,13,0,0,Friday,543568.20113,4804975.65695,-80.462008,43.396401999999995,At intersection,1,Non-fatal injury,Within intersection,unknown,unknown,Turning movement,Unknown,Daylight,01 - Daylight,Regional municipality,Traffic signal,Functioning,0,0,0,False,True,False,Clear,,False,BATTLER RD; HURON RD,1/30/2020 11:45:40 AM,,
48037,18-178506,1533376800000,2018,8,4,10,0,0,Saturday,543043.24599,4809759.06192,-80.468114,43.439502,At intersection,2,P.D. only,Within intersection,unknown,unknown,Angle,Unknown,Daylight,01 - Daylight,Municipal (excl. Twp. Rd.),Stop sign,Functioning,0,0,0,False,False,False,Clear,,False,PRESTON ST; CHARLES ST E,1/30/2020 11:45:38 AM,,
48038,18-178545,1533379680000,2018,8,4,10,48,0,Saturday,540228.55516,4810747.2504,-80.502821,43.448555999999996,At/near private drive,2,P.D. only,Left turn lane,unknown,unknown,Other,Unknown,Daylight,01 - Daylight,unknown,No control,unknown,0,0,0,False,False,False,Clear,,False,PARK ST; VICTORIA ST S; Near; 20 M,2/19/2019 2:08:26 PM,,
48039,18-179132,1533430980000,2018,8,5,1,3,0,Sunday,547446.28143,4809648.2582,-80.41371699999999,43.438238,Non intersection,2,P.D. only,Left shoulder,unknown,unknown,SMV unattended vehicle,Unknown,Dark,07 - Dark,Municipal (excl. Twp. Rd.),No control,unknown,0,0,0,False,False,False,Clear,,False,SIMS ESTATE DR; SIMS ESTATE DR ; 0 M,1/30/2020 11:45:36 AM,,
48040,18-179403,1533412800000,2018,8,4,20,0,0,Saturday,544856.2658,4811508.80432,-80.445567,43.455149999999996,Non intersection,2,P.D. only,Thru lane,unknown,unknown,SMV unattended vehicle,Unknown,Daylight,01 - Daylight,Municipal (excl. Twp. Rd.),No control,unknown,0,0,0,False,False,False,Clear,,False,BRECKENRIDGE DR; BRECKENRIDGE DR ; Near,1/30/2020 11:45:35 AM,,
48041,18-179405,1533472200000,2018,8,5,12,30,0,Sunday,540720.11023,4806038.4858,-80.497097,43.406132,Non intersection,2,P.D. only,Thru lane,unknown,unknown,SMV unattended vehicle,Unknown,Dark,07 - Dark,Municipal (excl. Twp. Rd.),No control,unknown,0,0,0,False,False,False,Clear,,False,RIDGEWAY CRES; RIDGEWAY CRES ; 6 M,1/30/2020 11:45:34 AM,,
48042,18-179435,1533475620000,2018,8,5,13,27,0,Sunday,542338.02247,4810324.95152,-80.476784,43.444638,At/near private drive,2,P.D. only,Thru lane,unknown,unknown,Other,Unknown,Daylight,01 - Daylight,Municipal (excl. Twp. Rd.),No control,unknown,0,0,0,False,False,False,Clear,,False,STIRLING AVE N; STIRLING AVE N; 4 M,1/30/2020 11:45:33 AM,,